DateTime,Clark 17,Clark Mt. 3,Clark 14,LV Gen 3_A,Clark 13,Sun Peak 3,Clark 18,"Clark 5, 6, 10_A",LV Gen 2_B,LV Gen 2_A,Goodsprings,"Clark 7, 8, 9_A","Tracy 8, 9, 10_B",Jersey Valley Geothermal,Pinto,Lone Mountain,"Tracy 8, 9, 10_A",Chuck Lenzi 2_B,"Clark 7, 8, 9_B",Silverhawk 4,Liberty (Cal Peco),Clark 19,North Valley Geothermal,Clark 21,USG San Emidio Geothermal,Valmy 2,Clark Mt. 4,"Clark 5, 6, 10_B",North Valley Eavor Loop,Silverhawk CC_A,Valmy CT 3,McGinness Hills Geothermal,Clark 12,Sun Peak 5,Galena 1,Clark 4,Ormat Western Geothermal,Burdette Geothermal Power Plant,Beowawe Geothermal Power Plant,Harry Allen 3,Sun Peak 4,Galena 3 Geothermal Power Plant,Ft. Churchill 1,Tuscarora Geothermal,Lockwood Renewable Energy Facility,LV Gen 1,Chuck Lenzi 1_A,Clark 11,Clark 22,Valmy CT 4,Valmy 1,Walt Higgings CC_B,Harry Allen 4,Gerlach,Silverhawk 3,Harry Allen CC_A,Clark 20,Chuck Lenzi 2_A,Ft. Churchill 2,Tracy 4&5 CC,Tracy 3,LV Gen 3_B,Desert Peak 2 Geothermal Power,Silverhawk CC_B,Walt Higgings CC_A,North Valley 2,Chuck Lenzi 1_B,Harry Allen CC_B,Clark 16,Apex Landfill Facility,Clark 15,ACE Searchlight Solar,Techren Solar 2,Techren Solar V,Dry Lake East Solar,Switch Station 1 (Playa Solar 1),Boulder Solar I,Dodge Flat Solar,Dry Lake Solar,Switch Station 2 (Playa Solar 2),Battle Mountain Solar,Techren Solar I,Fish Springs Ranch Solar,Mountain View Solar,Spring Valley Wind,Techren Solar IV,Idaho Wind,Eagle Shadow Mountain Solar Farm,Techren Solar III,_NVE IRP Expansion_SPPC_PV (Standalone),Turquoise Nevada,Nellis Solar Array II,Boulder Solar II,Sierra Solar,FRV Spectrum Solar,RV Apex Solar,Arrow Canyon Solar,Silver State Solar,Ft. Churchill Solar,Libra Solar,Boulder Solar III,Gemini Solar,Copper Mountain Solar 5
2030-01-01T00:00:00.0,0.0,72.0,0.0,0.0,0.0,0.0,0.0,0.0,0.0,57.5,6.0,0.0,0.0,0.0,14.963241,14.963241,0.0,311.5,0.0,0.0,0.0,0.0,24.938735,0.0,11.75,0.0,0.0,0.0,19.950988,299.5,0.0,92.79411406,57.0,0.0,14.963241,0.0,19.950988,9.26,14.719999999999999,84.0,0.0,7.8,0.0,18.33267717,3.2,0.0,311.5,0.0,0.0,0.0,0.0,308.5,84.0,14.963241,0.0,290.0,0.0,311.5,0.0,0.0,0.0,0.0,5.0,0.0,308.5,14.963241,311.5,290.0,0.0,12.0,0.0,0.0,0.0,0.0,0.0,0.0,0.0,0.0,0.0,0.0,0.0,0.0,0.0,0.0,1.370754,0.0,537.55632,0.0,0.0,0.0,0.0,0.0,0.0,0.0,0.0,0.0,0.0,0.0,0.0,0.0,0.0,0.0,0.0
2030-01-01T01:00:00.0,0.0,72.0,0.0,0.0,0.0,0.0,0.0,0.0,0.0,57.5,6.0,0.0,0.0,0.0,14.963241,14.963241,0.0,311.5,0.0,0.0,0.0,0.0,24.938735,0.0,11.75,0.0,0.0,0.0,19.950988,299.5,0.0,92.79411406,57.0,0.0,14.963241,0.0,19.950988,9.26,14.719999999999999,79.33556407368337,0.0,7.8,0.0,18.33267717,3.2,0.0,311.5,0.0,0.0,0.0,0.0,308.5,84.0,14.963241,0.0,290.0,0.0,311.5,0.0,0.0,0.0,0.0,5.0,0.0,308.5,14.963241,311.5,290.0,0.0,12.0,0.0,0.0,0.0,0.0,0.0,0.0,0.0,0.0,0.0,0.0,0.0,0.0,0.0,0.0,1.769987999999998,0.0,439.4432,0.0,0.0,0.0,0.0,0.0,0.0,0.0,0.0,0.0,0.0,0.0,0.0,0.0,0.0,0.0,0.0
2030-01-01T02:00:00.0,0.0,72.0,0.0,0.0,0.0,0.0,0.0,0.0,0.0,57.5,6.0,0.0,0.0,0.0,14.963241,14.963241,0.0,311.5,0.0,0.0,0.0,0.0,24.938735,0.0,11.75,0.0,0.0,0.0,19.950988,299.5,0.0,92.79411406,57.0,0.0,14.963241,0.0,19.950988,9.26,14.719999999999999,84.0,0.0,7.8,0.0,18.33267717,3.2,0.0,311.5,0.0,0.0,0.0,0.0,308.5,84.0,14.963241,0.0,290.0,0.0,311.5,0.0,0.0,0.0,0.0,5.0,0.0,308.5,14.963241,311.5,290.0,0.0,12.0,0.0,0.0,0.0,0.0,0.0,0.0,0.0,0.0,0.0,0.0,0.0,0.0,0.0,0.0,0.35976600000000003,0.0,368.9952,0.0,0.0,0.0,0.0,0.0,0.0,0.0,0.0,0.0,0.0,0.0,0.0,0.0,0.0,0.0,0.0
2030-01-01T03:00:00.0,0.0,72.0,0.0,0.0,0.0,0.0,0.0,0.0,0.0,57.5,6.0,0.0,0.0,0.0,14.963241,14.963241,0.0,311.5,0.0,0.0,0.0,0.0,24.938735,0.0,11.75,0.0,0.0,0.0,19.950988,299.5,0.0,92.79411406,57.0,0.0,14.963241,0.0,19.950988,9.26,14.719999999999999,74.2,0.0,7.8,0.0,18.33267717,3.2,0.0,311.5,0.0,0.0,0.0,0.0,308.5,84.0,14.963241,0.0,290.0,0.0,311.5,0.0,0.0,0.0,0.0,5.0,0.0,308.5,14.963241,311.5,290.0,0.0,12.0,0.0,0.0,0.0,0.0,0.0,0.0,0.0,0.0,0.0,0.0,0.0,0.0,0.0,0.0,1.6288140000000002,0.0,405.28543999999994,0.0,0.0,0.0,0.0,0.0,0.0,0.0,0.0,0.0,0.0,0.0,0.0,0.0,0.0,0.0,0.0
2030-01-01T04:00:00.0,0.0,72.0,0.0,0.0,0.0,0.0,0.0,0.0,0.0,57.5,6.0,0.0,0.0,0.0,14.963241,14.963241,0.0,311.5,0.0,0.0,0.0,0.0,24.938735,0.0,11.75,0.0,0.0,0.0,19.950988,299.5,0.0,92.79411406,57.0,0.0,14.963241,0.0,19.950988,9.26,14.719999999999999,84.0,0.0,7.8,0.0,18.33267717,3.2,0.0,311.5,0.0,0.0,0.0,0.0,308.5,84.0,14.963241,0.0,290.0,0.0,311.5,0.0,0.0,0.0,0.0,5.0,0.0,308.5,14.963241,311.5,290.0,0.0,12.0,0.0,0.0,0.0,0.0,0.0,0.0,0.0,0.0,0.0,0.0,0.0,0.0,0.0,0.0,13.057835999999995,0.0,334.68512,0.0,0.0,0.0,0.0,0.0,0.0,0.0,0.0,0.0,0.0,0.0,0.0,0.0,0.0,0.0,0.0
2030-01-01T05:00:00.0,0.0,72.0,0.0,0.0,0.0,0.0,0.0,0.0,0.0,57.5,6.0,0.0,0.0,0.0,14.963241,14.963241,0.0,311.5,0.0,0.0,0.0,0.0,24.938735,0.0,11.75,0.0,0.0,0.0,19.950988,299.5,0.0,92.79411406,57.0,0.0,14.963241,0.0,19.950988,9.26,14.719999999999999,84.0,0.0,7.8,0.0,18.33267717,3.2,0.0,311.5,0.0,0.0,0.0,0.0,308.5,84.0,14.963241,0.0,290.0,0.0,311.5,0.0,0.0,0.0,0.0,5.0,0.0,308.5,14.963241,311.5,290.0,0.0,12.0,0.0,0.0,0.0,0.0,0.0,0.0,0.0,0.0,0.0,0.0,0.0,0.0,0.0,0.0,11.494296,0.0,248.9956,0.0,0.0,0.0,0.0,0.0,0.0,0.0,0.0,0.0,0.0,0.0,0.0,0.0,0.0,0.0,0.0
2030-01-01T06:00:00.0,0.0,72.0,0.0,0.0,0.0,0.0,0.0,0.0,0.0,57.5,6.0,0.0,0.0,0.0,14.963241,14.963241,0.0,311.5,0.0,0.0,0.0,0.0,24.938735,0.0,11.75,0.0,0.0,0.0,19.950988,299.5,0.0,92.79411406,57.0,0.0,14.963241,0.0,19.950988,9.26,14.719999999999999,84.0,0.0,7.8,0.0,18.33267717,3.2,0.0,311.5,0.0,0.0,0.0,0.0,308.5,84.0,14.963241,0.0,290.0,0.0,311.5,0.0,0.0,0.0,0.0,5.0,0.0,308.5,14.963241,311.5,290.0,0.0,12.0,0.0,0.0,0.0,0.0,0.0,0.0,0.0,0.0,0.0,0.0,0.0,0.0,0.0,0.0,9.466248,0.0,286.1236,0.0,0.0,0.0,0.0,0.0,0.0,0.0,0.0,0.0,0.0,0.0,0.0,0.0,0.0,0.0,0.0
2030-01-01T07:00:00.0,0.0,0.0,0.0,0.0,0.0,0.0,0.0,0.0,0.0,57.5,6.0,0.0,0.0,0.0,14.963241,14.963241,0.0,311.5,0.0,0.0,0.0,0.0,24.938735,0.0,11.75,0.0,0.0,0.0,19.950988,234.5,0.0,92.79411406,0.0,0.0,14.963241,0.0,19.950988,9.26,14.719999999999999,0.0,0.0,7.8,0.0,18.33267717,3.2,0.0,311.5,0.0,0.0,0.0,0.0,272.1130327699998,0.0,14.963241,0.0,290.0,0.0,311.5,0.0,0.0,0.0,0.0,5.0,0.0,299.4,14.963241,311.5,290.0,0.0,12.0,0.0,3.4405,39.513999999999996,10.231499999999999,39.01800000000001,18.623000000000047,20.186999999999998,0.0,29.263499999999997,16.12627,0.89082,20.566000000000003,0.0,3.8376,6.969138,5.10925,227.68032000000002,46.55699999999998,5.10925,148.26000000000005,0.306,2.664,9.8,70.64399999999999,5.324999999999999,3.2984000000000004,39.04,8.259680000000001,0.12246,123.55,25.902307999999998,135.46079999999998,52.20749999999995
2030-01-01T08:00:00.0,0.0,0.0,0.0,0.0,0.0,0.0,0.0,0.0,0.0,44.760000000000005,6.0,0.0,0.0,0.0,14.963241,14.963241,0.0,195.1,0.0,0.0,0.0,0.0,24.938735,0.0,11.75,0.0,0.0,0.0,19.950988,200.0,0.0,92.79411406,0.0,0.0,14.963241,0.0,19.950988,9.26,14.719999999999999,0.0,0.0,7.8,0.0,18.33267717,3.2,0.0,195.1,0.0,0.0,0.0,0.0,165.6,0.0,14.963241,0.0,227.4,0.0,195.1,0.0,0.0,0.0,0.0,5.0,0.0,210.2,14.963241,195.1,227.4,0.0,12.0,0.0,10.662925,121.98,31.623999999999995,122.73799999999999,58.892,62.112,25.234,92.05350000000001,50.98739,9.45461,63.822,22.2170000000001,12.075,8.429454,15.812499999999998,114.46847999999999,136.61099999999996,15.83875,483.64680000000004,4.615500000000054,8.484,30.25,230.35199999999998,17.775000000000002,10.775600000000003,122.994,25.0718,1.5605849999999748,403.0390000000001,80.394103,425.75069999999994,159.74749999999997
2030-01-01T09:00:00.0,0.0,0.0,0.0,0.0,0.0,0.0,0.0,0.0,0.0,44.760000000000005,6.0,0.0,0.0,0.0,14.963241,14.963241,0.0,195.1,0.0,0.0,0.0,0.0,24.938735,0.0,11.75,0.0,0.0,0.0,19.950988,200.0,0.0,92.79411406,0.0,0.0,14.963241,0.0,19.950988,9.26,14.719999999999999,0.0,0.0,7.8,0.0,18.33267717,3.2,0.0,195.1,0.0,0.0,0.0,0.0,165.6,0.0,14.963241,0.0,227.4,0.0,195.1,0.0,0.0,0.0,0.0,5.0,0.0,210.2,14.963241,195.1,227.4,0.0,12.0,0.0,13.810650000000003,127.738,33.2355,130.348,62.736999999999995,80.438,100.76400000000001,97.76099999999998,54.33224999999999,10.46764,66.95100000000001,42.84800000000001,12.7,7.55964,16.62475,76.59792000000002,193.48799999999994,16.61175,540.8592000000001,19.142,9.048,31.6875,257.5359999999997,23.525100000000002,14.706400000000002,130.482,34.8441600000001,6.630195,450.7160000000001,84.343655,450.47339999999997,167.8525
2030-01-01T10:00:00.0,0.0,0.0,0.0,0.0,0.0,0.0,0.0,0.0,0.0,44.760000000000005,5.999999999999432,0.0,0.0,0.0,14.963241,14.963241,0.0,195.1,0.0,0.0,0.0,0.0,24.938735,0.0,11.75,0.0,0.0,0.0,19.950988,200.0,0.0,92.79411406,0.0,0.0,14.963241,0.0,19.950988,9.26,14.719999999999999,0.0,0.0,7.8,0.0,18.33267717,3.2,0.0,195.1,0.0,0.0,0.0,0.0,165.6,0.0,14.963241,0.0,227.4,0.0,195.1,0.0,0.0,0.0,0.0,5.0,0.0,170.9355142807965,14.963241,195.1,227.4,0.0,12.0,0.0,15.896825,118.39,30.824999999999996,121.12600000000002,58.306999999999995,92.562,104.70200000000001,90.84450000000004,50.47863,25.66915,62.02700000000001,61.68500000000001,11.787600000000001,12.317052000000002,15.4195,36.9852,227.90399999999994,15.39325,526.3356000000001,26.179999999999996,8.376,29.362500000000004,250.62400000000002,26.924999999999997,17.484,121.238,41.2126,11.750895,438.6130000000001,78.13411,418.09169999999995,155.82750000000001
2030-01-01T11:00:00.0,0.0,0.0,0.0,0.0,0.0,0.0,0.0,0.0,0.0,44.760000000000005,6.0,0.0,0.0,0.0,14.963241,14.963241,0.0,195.1,0.0,0.0,0.0,0.0,24.938735,0.0,11.75,0.0,0.0,0.0,19.950988,200.0,0.0,92.79411406,0.0,0.0,14.963241,0.0,19.950988,9.26,14.719999999999999,0.0,0.0,7.8,0.0,18.33267717,3.2,0.0,195.1,0.0,0.0,0.0,0.0,165.6,0.0,14.963241,0.0,227.4,0.0,195.1,0.0,0.0,0.0,0.0,5.0,0.0,210.2,14.963241,195.1,227.4,0.0,12.0,0.0,16.872975,112.16600000000001,29.213499999999993,114.08800000000002,54.888999999999996,98.38799999999999,79.62599999999999,85.56599999999999,47.52403,37.83258000000001,58.727000000000004,12.649000000000001,11.112400000000001,15.586824,14.607249999999993,27.579439999999998,243.732,14.568,481.3368000000001,26.120500000000003,7.68,27.8125,229.20399999999998,28.575,19.046400000000002,114.244,43.9088,11.638575,401.114,73.97736,394.44539999999995,147.2199999999999
2030-01-01T12:00:00.0,0.0,0.0,0.0,0.0,0.0,0.0,0.0,0.0,0.0,44.760000000000005,6.0,0.0,0.0,0.0,14.963241,14.963241,0.0,195.1,0.0,0.0,0.0,0.0,24.938735,0.0,11.75,0.0,0.0,0.0,19.950988,200.0,0.0,92.79411406,0.0,0.0,14.963241,0.0,19.950988,9.26,14.719999999999999,0.0,0.0,7.8,0.0,18.33267717,3.2,0.0,195.1,0.0,0.0,0.0,0.0,165.6,0.0,14.963241,0.0,227.4,0.0,195.1,0.0,0.0,0.0,0.0,5.0,0.0,210.2,14.963241,195.1,227.4,0.0,12.0,0.0,16.531375,114.88600000000008,29.82949999999999,84.43200000000002,40.57,96.6,85.21600000000001,63.324000000000005,35.13209,33.294650000000004,60.034,43.83600000000001,8.924999999999999,1.2978900000000002,14.92175,54.08312,112.35899999999997,14.8955,407.1312000000001,26.426500000000004,7.692,28.487499999999997,193.8880000000001,27.075,13.776400000000004,70.994,38.94332,9.455745,339.27600000000007,75.61447999999996,243.10079999999994,150.9025
2030-01-01T13:00:00.0,0.0,0.0,0.0,0.0,0.0,0.0,0.0,0.0,0.0,44.760000000000005,5.999999999999659,0.0,0.0,0.0,14.963241,14.963241,0.0,195.1,0.0,0.0,0.0,0.0,24.938735,0.0,11.75,0.0,0.0,0.0,19.950988,200.0,0.0,92.79411406,0.0,0.0,14.963241,0.0,19.950988,9.26,14.719999999999999,0.0,0.0,7.8,0.0,18.33267717,3.2,0.0,195.1,0.0,0.0,0.0,0.0,165.6,0.0,14.963241,0.0,227.4,0.0,195.1,0.0,0.0,0.0,0.0,5.0,0.0,210.2,14.963241,195.1,227.4,0.0,12.0,0.0,14.750050000000002,114.068,25.034499999999998,120.95200000000001,58.196000000000005,87.738,27.169999999999995,90.71400000000001,50.39252,11.16353,64.628,34.644999999999996,12.35,9.586170000000001,12.52425,60.50912000000004,126.00599999999999,16.03525,394.99320000000006,22.2615,6.324,28.287499999999998,188.09199999999998,25.412399999999998,17.843600000000006,56.862,21.765120000000003,11.189684999999999,329.16100000000006,81.40835,192.6756,155.32499999999985
2030-01-01T14:00:00.0,0.0,0.0,0.0,0.0,0.0,0.0,0.0,0.0,0.0,44.760000000000005,6.0,0.0,0.0,0.0,14.963241,14.963241,0.0,195.1,0.0,0.0,0.0,0.0,24.938735,0.0,11.75,0.0,0.0,0.0,19.950988,200.0,0.0,92.79411406,0.0,0.0,14.963241,0.0,19.950988,9.26,14.719999999999999,0.0,0.0,7.8,0.0,18.33267717,3.2,0.0,195.1,0.0,0.0,0.0,0.0,165.6,0.0,14.963241,0.0,227.4,0.0,195.1,0.0,0.0,0.0,0.0,5.0,0.0,210.2,14.963241,195.1,227.4,0.0,12.0,0.0,12.24895,120.682,29.527999999999995,71.016,34.082,71.4380000000001,59.918000000000006,53.26200000000006,29.5144,16.82357,63.77000000000001,43.251000000000005,6.85,13.901844,14.7645,64.4028,116.77199999999996,15.8255,365.72760000000005,4.0545,1.38,29.925,174.176,11.4501,7.886400000000002,37.518,25.59596,4.86564,304.7730000000001,80.316084,126.04920000000001,161.0925
2030-01-01T15:00:00.0,0.0,0.0,0.0,0.0,0.0,0.0,0.0,0.0,0.0,54.64,5.999999999999886,0.0,0.0,0.0,14.963241,14.963241,0.0,233.9,0.0,0.0,0.0,0.0,24.938735,0.0,11.75,0.0,0.0,0.0,19.950988,200.0,0.0,92.79411406,0.0,0.0,14.963241,0.0,19.950988,9.26,14.719999999999999,0.0,0.0,7.8,0.0,18.33267717,3.2,0.0,233.9,0.0,0.0,0.0,0.0,210.2,0.0,14.963241,0.0,227.4,0.0,233.9,0.0,0.0,0.0,0.0,5.0,0.0,210.2,14.963241,233.9,245.09869977000062,0.0,12.0,0.0,4.843475000000001,72.702,18.864499999999996,47.73600000000001,22.911,28.688000000000002,36.894,35.80200000000001,19.82821,23.14415,38.227,19.123000000000005,6.037599999999999,15.694602000000003,9.432500000000001,60.69,32.77799999999999,9.485000000000001,249.48000000000002,10.217,3.9359999999999786,18.0375,118.82399999999981,6.7626,5.939600000000001,49.972,11.87108,3.845595,207.9,48.140281,169.98839999999998,97.1125
2030-01-01T16:00:00.0,0.0,0.0,0.0,0.0,0.0,0.0,0.0,0.0,0.0,57.5,6.0,0.0,0.0,0.0,14.963241,14.963241,317.5,311.5,0.0,0.0,0.0,0.0,24.938735,0.0,11.75,0.0,0.0,0.0,19.950988,299.5,0.0,92.79411406,0.0,0.0,14.963241,0.0,19.950988,9.26,14.719999999999999,0.0,0.0,7.8,0.0,18.33267717,3.2,0.0,311.5,0.0,0.0,0.0,0.0,308.5,0.0,14.963241,0.0,290.0,0.0,311.5,0.0,0.0,0.0,57.5,5.0,0.0,308.5,14.963241,311.5,290.0,0.0,12.0,0.0,0.0,0.0,0.0,0.0,0.0,0.275,1.184,0.0,0.0,0.0,0.0,1.0530000000000002,0.0,19.952592000000003,0.0,45.229519999999994,0.0,0.0,1.1340000000000001,0.4675,0.0,0.0,0.54,0.0,0.0,0.0,0.20747999999999997,0.16321500000000003,0.9450000000000002,0.0,0.0,0.0
2030-01-01T17:00:00.0,0.0,0.0,0.0,0.0,0.0,0.0,0.0,0.0,0.0,57.5,6.0,0.0,0.0,0.0,14.963241,14.963241,317.5,311.5,0.0,0.0,0.0,0.0,24.938735,0.0,11.75,0.0,0.0,0.0,19.950988,299.5,0.0,92.79411406,0.0,0.0,14.963241,0.0,19.950988,9.26,14.719999999999999,0.0,0.0,7.8,0.0,18.33267717,3.2,0.0,311.5,0.0,0.0,0.0,0.0,308.5,0.0,14.963241,0.0,290.0,0.0,311.5,0.0,0.0,0.0,57.5,5.0,0.0,308.5,14.963241,311.5,290.0,0.0,12.0,0.0,0.0,0.0,0.0,0.0,0.0,0.0,0.0,0.0,0.0,0.0,0.0,0.0,0.0,12.329196000000001,0.0,23.304959999999998,0.0,0.0,0.0,0.0,0.0,0.0,0.0,0.0,0.0,0.0,0.0,0.0,0.0,0.0,0.0,0.0
2030-01-01T18:00:00.0,0.0,0.0,0.0,0.0,0.0,0.0,0.0,0.0,0.0,57.5,6.0,0.0,0.0,0.0,14.963241,14.963241,317.5,311.5,0.0,0.0,0.0,0.0,24.938735,0.0,11.75,0.0,0.0,0.0,19.950988,299.5,0.0,92.79411406,0.0,0.0,14.963241,0.0,19.950988,9.26,14.719999999999999,0.0,0.0,7.8,0.0,18.33267717,3.2,0.0,311.5,0.0,0.0,0.0,0.0,308.5,0.0,14.963241,0.0,290.0,0.0,311.5,0.0,0.0,0.0,57.5,5.0,0.0,308.5,14.963241,311.5,290.0,0.0,12.0,0.0,0.0,0.0,0.0,0.0,0.0,0.0,0.0,0.0,0.0,0.0,0.0,0.0,0.0,11.02068,0.0,30.87336,0.0,0.0,0.0,0.0,0.0,0.0,0.0,0.0,0.0,0.0,0.0,0.0,0.0,0.0,0.0,0.0
2030-01-01T19:00:00.0,0.0,0.0,0.0,0.0,0.0,0.0,0.0,0.0,0.0,57.5,6.0,0.0,0.0,0.0,14.963241,14.963241,317.5,311.5,0.0,0.0,0.0,0.0,24.938735,0.0,11.75,0.0,0.0,0.0,19.950988,299.5,0.0,92.79411406,0.0,0.0,14.963241,0.0,19.950988,9.26,14.719999999999999,0.0,0.0,7.8,0.0,18.33267717,3.2,0.0,311.5,0.0,0.0,0.0,0.0,308.5,0.0,14.963241,0.0,290.0,0.0,311.5,0.0,0.0,0.0,57.5,5.0,0.0,308.5,14.963241,311.5,290.0,0.0,12.0,0.0,0.0,0.0,0.0,0.0,0.0,0.0,0.0,0.0,0.0,0.0,0.0,0.0,0.0,5.036724,0.0,44.87728,0.0,0.0,0.0,0.0,0.0,0.0,0.0,0.0,0.0,0.0,0.0,0.0,0.0,0.0,0.0,0.0
2030-01-01T20:00:00.0,0.0,0.0,0.0,0.0,0.0,0.0,0.0,0.0,0.0,57.5,5.999999999999659,0.0,0.0,0.0,14.963241,14.963241,317.5,311.5,0.0,0.0,0.0,0.0,24.938735,0.0,11.75,0.0,0.0,0.0,19.950988,299.5,0.0,92.79411406,0.0,0.0,14.963241,0.0,19.950988,9.26,14.719999999999999,0.0,0.0,7.8,0.0,18.33267717,3.2,0.0,311.5,0.0,0.0,0.0,0.0,308.5,0.0,14.963241,0.0,290.0,0.0,311.5,0.0,0.0,0.0,57.5,5.0,0.0,308.5,14.963241,311.5,290.0,0.0,12.0,0.0,0.0,0.0,0.0,0.0,0.0,0.0,0.0,0.0,0.0,0.0,0.0,0.0,0.0,0.0,0.0,44.91536,0.0,0.0,0.0,0.0,0.0,0.0,0.0,0.0,0.0,0.0,0.0,0.0,0.0,0.0,0.0,0.0
2030-01-01T21:00:00.0,0.0,0.0,0.0,0.0,0.0,0.0,0.0,0.0,0.0,57.5,6.0,0.0,0.0,0.0,14.963241,14.963241,317.5,311.5,0.0,0.0,0.0,0.0,24.938735,0.0,11.75,0.0,0.0,0.0,19.950988,299.5,0.0,92.79411406,0.0,0.0,14.963241,0.0,19.950988,9.26,14.719999999999999,0.0,0.0,7.8,0.0,18.33267717,3.2,0.0,311.5,0.0,0.0,0.0,0.0,308.5,0.0,14.963241,0.0,290.0,0.0,311.5,0.0,0.0,0.0,57.5,5.0,0.0,308.5,14.963241,311.5,290.0,0.0,12.0,0.0,0.0,0.0,0.0,0.0,0.0,0.0,0.0,0.0,0.0,0.0,0.0,0.0,0.0,0.0,0.0,67.58248,0.0,0.0,0.0,0.0,0.0,0.0,0.0,0.0,0.0,0.0,0.0,0.0,0.0,0.0,0.0,0.0
2030-01-01T22:00:00.0,0.0,0.0,0.0,0.0,0.0,0.0,0.0,0.0,0.0,57.5,6.0,0.0,0.0,0.0,14.963241,14.963241,317.5,311.5,0.0,0.0,0.0,0.0,24.938735,0.0,11.75,0.0,0.0,0.0,19.950988,299.5,0.0,92.79411406,0.0,0.0,14.963241,0.0,19.950988,9.26,14.719999999999999,0.0,0.0,7.8,0.0,18.33267717,3.2,0.0,311.5,0.0,0.0,0.0,0.0,308.5,0.0,14.963241,0.0,290.0,0.0,311.5,0.0,0.0,0.0,57.5,5.0,0.0,308.5,14.963241,311.5,290.0,0.0,12.0,0.0,0.0,0.0,0.0,0.0,0.0,0.0,0.0,0.0,0.0,0.0,0.0,0.0,0.0,0.0,0.0,120.35184000000001,0.0,0.0,0.0,0.0,0.0,0.0,0.0,0.0,0.0,0.0,0.0,0.0,0.0,0.0,0.0,0.0
2030-01-01T23:00:00.0,0.0,0.0,0.0,0.0,0.0,0.0,0.0,0.0,0.0,57.5,6.0,0.0,0.0,0.0,14.963241,14.963241,317.5,311.5,0.0,0.0,0.0,0.0,24.938735,0.0,11.75,0.0,0.0,0.0,19.950988,299.5,0.0,92.79411406,0.0,0.0,14.963241,0.0,19.950988,9.26,14.719999999999999,0.0,0.0,7.8,0.0,18.33267717,3.2,0.0,311.5,0.0,0.0,0.0,0.0,308.5,0.0,14.963241,0.0,290.0,0.0,311.5,0.0,0.0,0.0,57.5,5.0,0.0,308.5,14.963241,311.5,290.0,0.0,12.0,0.0,0.0,0.0,0.0,0.0,0.0,0.0,0.0,0.0,0.0,0.0,0.0,0.0,0.0,0.0,0.0,142.09552,0.0,0.0,0.0,0.0,0.0,0.0,0.0,0.0,0.0,0.0,0.0,0.0,0.0,0.0,0.0,0.0
2030-01-02T00:00:00.0,0.0,0.0,0.0,0.0,0.0,0.0,0.0,0.0,0.0,57.5,6.0,0.0,0.0,0.0,14.963241,14.963241,317.5,311.5,0.0,0.0,0.0,0.0,24.938735,0.0,11.75,0.0,0.0,0.0,19.950988,299.5,0.0,92.79411406,0.0,0.0,14.963241,0.0,19.950988,9.26,14.719999999999999,0.0,0.0,7.8,0.0,18.33267717,3.2,0.0,311.5,0.0,0.0,0.0,0.0,308.5,0.0,14.963241,0.0,290.0,0.0,311.5,0.0,0.0,0.0,57.5,5.0,0.0,308.5,14.963241,311.5,290.0,0.0,12.0,0.0,0.0,0.0,0.0,0.0,0.0,0.0,0.0,0.0,0.0,0.0,0.0,0.0,0.0,0.0,0.0,132.67072000000002,0.0,0.0,0.0,0.0,0.0,0.0,0.0,0.0,0.0,0.0,0.0,0.0,0.0,0.0,0.0,0.0
2030-01-02T01:00:00.0,0.0,0.0,0.0,0.0,0.0,0.0,0.0,0.0,0.0,57.5,6.0,0.0,0.0,0.0,14.963241,14.963241,317.5,311.5,0.0,0.0,0.0,0.0,24.938735,0.0,11.75,0.0,0.0,0.0,19.950988,269.0,0.0,92.79411406,0.0,0.0,14.963241,0.0,19.950988,9.26,14.719999999999999,0.0,0.0,7.8,0.0,18.33267717,3.2,0.0,311.5,0.0,0.0,0.0,0.0,308.5,0.0,14.963241,0.0,290.0,0.0,311.5,0.0,0.0,0.0,57.5,5.0,0.0,308.5,14.963241,311.5,290.0,0.0,12.0,0.0,0.0,0.0,0.0,0.0,0.0,0.0,0.0,0.0,0.0,0.0,0.0,0.0,0.0,6.865914,0.0,111.07936000000001,0.0,0.0,0.0,0.0,0.0,0.0,0.0,0.0,0.0,0.0,0.0,0.0,0.0,0.0,0.0,0.0
2030-01-02T02:00:00.0,0.0,0.0,0.0,0.0,0.0,0.0,0.0,0.0,0.0,57.5,5.999999999999773,0.0,0.0,0.0,14.963241,14.963241,317.5,311.5,0.0,0.0,0.0,0.0,24.938735,0.0,11.75,0.0,0.0,0.0,19.950988,298.9809,0.0,92.79411406,0.0,0.0,14.963241,0.0,19.950988,9.26,14.719999999999999,0.0,0.0,7.8,0.0,18.33267717,3.2,0.0,311.5,0.0,0.0,0.0,0.0,308.5,0.0,14.963241,0.0,290.0,0.0,311.5,0.0,0.0,0.0,57.5,5.0,0.0,308.5,14.963241,311.5,290.0,0.0,12.0,0.0,0.0,0.0,0.0,0.0,0.0,0.0,0.0,0.0,0.0,0.0,0.0,0.0,0.0,4.664814000000001,0.0,125.78775999999999,0.0,0.0,0.0,0.0,0.0,0.0,0.0,0.0,0.0,0.0,0.0,0.0,0.0,0.0,0.0,0.0
2030-01-02T03:00:00.0,0.0,0.0,0.0,0.0,0.0,0.0,0.0,0.0,0.0,57.5,6.0,0.0,0.0,0.0,14.963241,14.963241,317.5,311.5,0.0,0.0,0.0,0.0,24.938735,0.0,11.75,0.0,0.0,0.0,19.950988,269.0,0.0,92.79411406,0.0,0.0,14.963241,0.0,19.950988,9.26,14.719999999999999,0.0,0.0,7.8,0.0,18.33267717,3.2,0.0,311.5,0.0,0.0,0.0,0.0,308.5,0.0,14.963241,0.0,290.0,0.0,311.5,0.0,0.0,0.0,57.5,5.0,0.0,308.5,14.963241,311.5,290.0,0.0,12.0,0.0,0.0,0.0,0.0,0.0,0.0,0.0,0.0,0.0,0.0,0.0,0.0,0.0,0.0,4.346034,0.0,161.09744,0.0,0.0,0.0,0.0,0.0,0.0,0.0,0.0,0.0,0.0,0.0,0.0,0.0,0.0,0.0,0.0
2030-01-02T04:00:00.0,0.0,0.0,0.0,0.0,0.0,0.0,0.0,0.0,0.0,57.5,6.0,0.0,0.0,0.0,14.963241,14.963241,317.5,311.5,0.0,0.0,0.0,0.0,24.938735,0.0,11.75,0.0,0.0,0.0,19.950988,299.5,0.0,92.79411406,0.0,0.0,14.963241,0.0,19.950988,9.26,14.719999999999999,0.0,0.0,7.8,0.0,18.33267717,3.2,0.0,311.5,0.0,0.0,0.0,0.0,308.5,0.0,14.963241,0.0,290.0,0.0,311.5,0.0,0.0,0.0,57.5,5.0,0.0,308.5,14.963241,311.5,290.0,0.0,12.0,0.0,0.0,0.0,0.0,0.0,0.0,0.0,0.0,0.0,0.0,0.0,0.0,0.0,0.0,13.402422,0.0,147.38864,0.0,0.0,0.0,0.0,0.0,0.0,0.0,0.0,0.0,0.0,0.0,0.0,0.0,0.0,0.0,0.0
2030-01-02T05:00:00.0,0.0,0.0,0.0,0.0,0.0,0.0,0.0,0.0,0.0,57.5,6.0,0.0,0.0,0.0,14.963241,14.963241,317.5,311.5,0.0,0.0,0.0,0.0,24.938735,0.0,11.75,0.0,0.0,0.0,19.950988,299.5,0.0,92.79411406,0.0,0.0,14.963241,0.0,19.950988,9.26,14.719999999999999,0.0,0.0,7.8,0.0,18.33267717,3.2,0.0,311.5,0.0,0.0,0.0,0.0,308.5,0.0,14.963241,0.0,290.0,0.0,311.5,0.0,0.0,0.0,57.5,5.0,0.0,308.5,14.963241,311.5,290.0,0.0,12.0,0.0,0.0,0.0,0.0,0.0,0.0,0.0,0.0,0.0,0.0,0.0,0.0,0.0,0.0,17.519238,0.0,114.10672,0.0,0.0,0.0,0.0,0.0,0.0,0.0,0.0,0.0,0.0,0.0,0.0,0.0,0.0,0.0,0.0
2030-01-02T06:00:00.0,0.0,0.0,0.0,0.0,0.0,0.0,0.0,0.0,0.0,57.5,6.0,0.0,0.0,0.0,14.963241,14.963241,317.5,311.5,0.0,0.0,0.0,0.0,24.938735,0.0,11.75,0.0,0.0,0.0,19.950988,299.5,0.0,92.79411406,0.0,0.0,14.963241,0.0,19.950988,9.26,14.719999999999999,0.0,0.0,7.8,0.0,18.33267717,3.2,0.0,311.5,0.0,0.0,0.0,0.0,308.5,0.0,14.963241,0.0,290.0,0.0,311.5,0.0,0.0,0.0,57.5,5.0,0.0,308.5,14.963241,311.5,290.0,0.0,12.0,0.0,0.0,0.0,0.0,0.0,0.0,0.0,0.0,0.0,0.0,0.0,0.0,0.0,0.0,22.127886000000004,0.0,137.45927999999998,0.0,0.0,0.0,0.0,0.0,0.0,0.0,0.0,0.0,0.0,0.0,0.0,0.0,0.0,0.0,0.0
2030-01-02T07:00:00.0,0.0,0.0,0.0,0.0,0.0,0.0,0.0,0.0,0.0,57.5,6.0,0.0,0.0,0.0,14.963241,14.963241,317.5,311.5,0.0,0.0,0.0,0.0,24.938735,0.0,11.75,0.0,0.0,0.0,19.950988,295.41075739176756,0.0,92.79411406,0.0,0.0,14.963241,0.0,19.950988,9.26,14.719999999999999,0.0,0.0,7.8,0.0,18.33267717,3.2,0.0,311.5,0.0,0.0,0.0,0.0,308.5,0.0,14.963241,0.0,290.0,0.0,311.5,0.0,0.0,0.0,57.5,5.0,0.0,308.5,14.963241,311.5,290.0,0.0,12.0,0.0,1.12245,12.928000000000004,3.746500000000026,17.958000000000002,8.592000000000013,8.612,0.0,13.468499999999999,7.435479999999998,0.89082,7.445,0.0,1.7123999999999997,25.754388000000002,1.8735000000000002,134.66039999999998,13.001999999999997,1.8472499999999998,51.14760000000001,0.153,1.26,3.2125,24.372,3.0876,1.3267999999999986,12.234,2.76952,0.08151,42.62300000000001,9.378907000000002,41.2206,17.3975
2030-01-02T08:00:00.0,0.0,0.0,0.0,0.0,0.0,0.0,0.0,0.0,0.0,57.5,5.999999999999545,0.0,0.0,0.0,14.963241,14.963241,240.5,233.9,0.0,0.0,0.0,0.0,24.938735,0.0,11.75,0.0,0.0,0.0,19.950988,200.0,0.0,92.79411406,0.0,0.0,14.963241,0.0,19.950988,9.26,14.719999999999999,0.0,0.0,7.8,0.0,18.33267717,3.2,0.0,233.9,0.0,0.0,0.0,0.0,210.2,0.0,14.963241,0.0,267.41618577000065,0.0,233.9,0.0,0.0,0.0,57.5,5.0,0.0,210.2,14.963241,233.9,290.0,0.0,12.0,0.0,3.5259,48.624,18.680999999999962,42.10200000000001,20.158,5.375,79.002,31.576500000000003,17.44715,9.96769,32.842,39.663000000000004,6.175000000000001,26.24622,9.340750000000043,121.98928000000001,78.75599999999997,8.1485,202.03680000000003,0.3145,0.756,12.0625,96.244,4.2624,5.555200000000001,13.832000000000003,13.981760000000001,6.8341649999999845,168.364,41.373092,46.9062,69.1675
2030-01-02T09:00:00.0,0.0,0.0,0.0,0.0,0.0,0.0,0.0,0.0,0.0,57.5,6.0,0.0,0.0,0.0,14.963241,14.963241,202.0,233.9,0.0,0.0,0.0,0.0,24.938735,0.0,11.75,0.0,0.0,0.0,19.950988,200.0,0.0,92.79411406,0.0,0.0,14.963241,0.0,19.950988,9.26,14.719999999999999,0.0,0.0,7.8,0.0,18.33267717,3.2,0.0,233.9,0.0,0.0,0.0,0.0,210.2,0.0,14.963241,0.0,258.7,0.0,233.9,0.0,0.0,0.0,57.5,5.0,0.0,210.2,14.963241,233.9,258.7,0.0,12.0,0.0,4.209099999999999,85.0,18.235499999999995,101.83400000000002,48.829,48.275,14.418000000000001,76.3755000000001,42.27527,4.95304,35.719,44.46,7.5249999999999995,26.071650000000005,9.118,51.57936,36.57299999999999,8.86924999999992,296.772,1.6404999999999998,5.352,21.087500000000002,141.35999999999999,9.0624,8.506400000000001,60.918000000000006,22.155640000000002,0.39780000000000004,247.31000000000006,44.99649900000001,206.98620000000003,111.0525
2030-01-02T10:00:00.0,0.0,0.0,0.0,0.0,0.0,0.0,0.0,0.0,0.0,57.5,6.0,0.0,0.0,0.0,14.963241,14.963241,202.0,233.9,0.0,0.0,0.0,0.0,24.938735,0.0,11.75,0.0,0.0,0.0,19.950988,200.0,0.0,92.79411406,0.0,0.0,14.963241,0.0,19.950988,9.26,14.719999999999999,0.0,0.0,7.8,0.0,18.33267717,3.2,0.0,233.9,0.0,0.0,0.0,0.0,210.2,0.0,14.963241,0.0,258.7,0.0,233.9,0.0,0.0,0.0,57.5,5.0,0.0,210.2,14.963241,233.9,258.7,0.0,12.0,0.0,9.430750000000002,73.068,18.065499999999997,90.13400000000001,43.228,56.45,44.51199999999996,67.6005,37.42625,6.07616,33.066,24.999000000000002,8.962400000000002,22.288794,9.02625,8.13008000000002,115.32599999999996,8.201,332.02680000000004,0.901,5.46,18.125,158.148,15.6249,12.511600000000005,81.836,32.25768,0.1326,276.6890000000001,41.645519,278.7738,104.25499999999998
2030-01-02T11:00:00.0,0.0,0.0,0.0,0.0,0.0,0.0,0.0,0.0,0.0,57.5,6.0,0.0,0.0,0.0,14.963241,14.963241,202.0,233.9,0.0,0.0,0.0,0.0,24.938735,0.0,11.75,0.0,0.0,0.0,19.950988,200.0,0.0,92.79411406,0.0,0.0,14.963241,0.0,19.950988,9.26,14.719999999999999,0.0,0.0,7.8,0.0,18.33267717,3.2,0.0,233.9,0.0,0.0,0.0,0.0,210.2,0.0,14.963241,0.0,258.7,0.0,233.9,0.0,0.0,0.0,57.5,5.0,0.0,210.2,14.963241,233.9,258.7,0.0,12.0,0.0,9.137975,88.31400000000001,23.423499999999997,90.63600000000002,43.480999999999995,79.6,84.552,67.97700000000009,37.64271000000002,2.29371,43.56,55.19800000000001,9.2376,13.423674,11.712,2.74176,165.76499999999996,10.808,402.8640000000001,17.95200000000001,6.192,21.9,191.876,21.975,14.731200000000005,96.83800000000001,42.591120000000004,0.285675,335.7200000000001,54.88189,332.44890000000004,113.15
2030-01-02T12:00:00.0,0.0,0.0,0.0,0.0,0.0,0.0,0.0,0.0,0.0,57.5,6.0,0.0,0.0,0.0,14.963241,14.963241,202.0,233.9,0.0,0.0,0.0,0.0,24.938735,0.0,11.75,0.0,0.0,0.0,19.950988,200.0,0.0,92.79411406,0.0,0.0,14.963241,0.0,19.950988,9.26,14.719999999999999,0.0,0.0,7.8,0.0,18.33267717,3.2,0.0,233.9,0.0,0.0,0.0,0.0,210.2,0.0,14.963241,0.0,258.7,0.0,233.9,0.0,0.0,0.0,57.5,5.0,0.0,210.2,14.963241,233.9,258.7,0.0,12.0,0.0,10.82165,81.308,25.42749999999999,94.15600000000006,45.174,67.11200000000001,18.708,70.61699999999999,39.12554,8.832449999999998,46.464,42.861000000000004,11.837599999999998,7.86324,12.70775,1.3423200000000002,211.49699999999999,11.5285,399.9912000000001,35.972500000000004,5.532,20.1625,190.50400000000002,15.087600000000002,20.0012,95.16,44.95816,10.781745,333.3260000000001,58.532155999999986,325.6869,122.02250000000001
2030-01-02T13:00:00.0,0.0,0.0,0.0,0.0,0.0,0.0,0.0,0.0,0.0,57.5,5.999999999999886,0.0,0.0,0.0,14.963241,14.963241,202.0,233.9,0.0,0.0,0.0,0.0,24.938735,0.0,11.75,0.0,0.0,0.0,19.950988,200.0,0.0,92.79411406,0.0,0.0,14.963241,0.0,19.950988,9.26,14.719999999999999,0.0,0.0,7.8,0.0,18.33267717,3.2,0.0,233.9,0.0,0.0,0.0,0.0,210.2,0.0,14.963241,0.0,258.7,0.0,233.9,0.0,0.0,0.0,57.5,5.0,0.0,210.2,14.963241,233.9,258.7,0.0,12.0,0.0,8.894025,125.28200000000001,32.44949999999999,131.24800000000002,63.038000000000004,59.938,3.639999999999972,98.43600000000002,54.591370000000005,5.5752,67.43900000000001,47.06000000000001,8.887599999999999,1.344948,16.2185,2.3038399999999997,160.50299999999996,16.7295,458.34599999999995,32.955,4.176,31.075000000000003,218.29200000000003,15.9,12.387600000000003,108.382,22.54616,2.009475,381.955,84.940948,388.6632000000001,165.555
2030-01-02T14:00:00.0,0.0,0.0,0.0,0.0,0.0,0.0,0.0,0.0,0.0,57.5,5.999999999999659,0.0,0.0,0.0,14.963241,14.963241,202.0,233.9,0.0,0.0,0.0,0.0,24.938735,0.0,11.75,0.0,0.0,0.0,19.950988,200.0,0.0,92.79411406,0.0,0.0,14.963241,0.0,19.950988,9.26,14.719999999999999,0.0,0.0,7.8,0.0,18.33267717,3.2,0.0,233.9,0.0,0.0,0.0,0.0,210.2,0.0,14.963241,0.0,258.7,0.0,233.9,0.0,0.0,0.0,57.5,5.0,0.0,210.2,14.963241,233.9,258.7,0.0,12.0,0.0,12.67595,105.58799999999992,21.589499999999997,87.39600000000002,41.899,74.238,16.146,65.547,36.27917,1.3049199999999996,51.177,9.009,9.6124,0.0,10.795,30.66392,39.474,12.6945,292.8996000000001,26.7155,2.112,26.187500000000004,139.52,13.8624,11.271600000000003,53.652,22.0948,7.9052999999999995,244.08300000000003,64.469274,181.59420000000003,98.6174999999998
2030-01-02T15:00:00.0,0.0,0.0,0.0,0.0,0.0,0.0,0.0,0.0,0.0,57.5,5.999999999999545,0.0,0.0,0.0,14.963241,14.963241,240.5,233.9,0.0,0.0,0.0,0.0,24.938735,0.0,11.75,0.0,0.0,0.0,19.950988,200.0,0.0,92.79411406,0.0,0.0,14.963241,0.0,19.950988,9.26,14.719999999999999,0.0,0.0,7.8,0.0,18.33267717,3.2,0.0,233.9,0.0,0.0,0.0,0.0,210.2,0.0,14.963241,0.0,261.2363387700008,0.0,233.9,0.0,0.0,0.0,57.5,5.0,0.0,210.2,14.963241,233.9,290.0,0.0,12.0,0.0,5.441275,27.18999999999991,8.751,38.098,18.259,36.225,17.94,28.5735,15.801579999999998,6.72256,17.86,32.73400000000001,5.2624,0.0,4.375500000000001,74.28456,45.56399999999998,4.428,188.54640000000003,16.932,0.6,6.737500000000001,89.816,6.4125,5.170800000000002,48.256,11.17532,0.33657000000000004,157.122,22.498889000000002,163.86810000000003,64.83750000000003
2030-01-02T16:00:00.0,0.0,0.0,0.0,0.0,0.0,0.0,0.0,0.0,0.0,57.5,6.0,0.0,0.0,0.0,14.963241,14.963241,279.0,311.5,0.0,0.0,0.0,0.0,24.938735,0.0,11.75,0.0,0.0,0.0,19.950988,234.5,0.0,92.79411406,0.0,0.0,14.963241,0.0,19.950988,9.26,14.719999999999999,0.0,0.0,7.8,0.0,18.33267717,3.2,0.0,311.5,0.0,0.0,0.0,0.0,299.4,0.0,14.963241,0.0,290.0,0.0,311.5,0.0,0.0,0.0,57.5,5.0,0.0,299.4,14.963241,311.5,290.0,0.0,12.0,0.0,0.06107500000000021,0.0,0.0,0.0,0.0,0.33799999999999986,0.508,0.0,0.0,0.0,0.0,0.65,0.0,0.0,0.0,82.07191999999998,0.0,0.0,2.2680000000000002,1.4195,0.0,0.0,1.08,0.0,0.0,0.0,0.24387999999999999,0.5711550000000007,1.8900000000000003,0.0,0.0,0.0
2030-01-02T17:00:00.0,0.0,0.0,0.0,0.0,0.0,0.0,0.0,0.0,0.0,57.5,5.999999999999886,0.0,0.0,0.0,14.963241,14.963241,279.0,311.5,0.0,0.0,0.0,0.0,24.938735,0.0,11.75,0.0,0.0,0.0,19.950988,234.5,0.0,92.79411406,0.0,0.0,14.963241,0.0,19.950988,9.26,14.719999999999999,0.0,0.0,7.8,0.0,18.33267717,3.2,0.0,311.5,0.0,0.0,0.0,0.0,299.4,0.0,14.963241,0.0,290.0,0.0,311.5,0.0,0.0,0.0,57.5,5.0,0.0,299.4,14.963241,311.5,290.0,0.0,12.0,0.0,0.0,0.0,0.0,0.0,0.0,0.0,0.0,0.0,0.0,0.0,0.0,0.0,0.0,0.0,0.0,95.18096,0.0,0.0,0.0,0.0,0.0,0.0,0.0,0.0,0.0,0.0,0.0,0.0,0.0,0.0,0.0,0.0
2030-01-02T18:00:00.0,0.0,0.0,0.0,0.0,0.0,0.0,0.0,0.0,0.0,57.5,6.0,0.0,0.0,0.0,14.963241,14.963241,279.0,311.5,0.0,0.0,0.0,0.0,24.938735,0.0,11.75,0.0,0.0,0.0,19.950988,234.5,0.0,92.79411406,0.0,0.0,14.963241,0.0,19.950988,9.26,14.719999999999999,0.0,0.0,7.8,0.0,18.33267717,3.2,0.0,311.5,0.0,0.0,0.0,0.0,299.4,0.0,14.963241,0.0,290.0,0.0,311.5,0.0,0.0,0.0,57.5,5.0,0.0,299.4,14.963241,311.5,290.0,0.0,12.0,0.0,0.0,0.0,0.0,0.0,0.0,0.0,0.0,0.0,0.0,0.0,0.0,0.0,0.0,0.0,0.0,140.12488,0.0,0.0,0.0,0.0,0.0,0.0,0.0,0.0,0.0,0.0,0.0,0.0,0.0,0.0,0.0,0.0
2030-01-02T19:00:00.0,0.0,0.0,0.0,0.0,0.0,0.0,0.0,0.0,0.0,57.5,5.999999999999659,0.0,0.0,0.0,14.963241,14.963241,279.0,311.5,0.0,0.0,0.0,0.0,24.938735,0.0,11.75,0.0,0.0,0.0,19.950988,234.5,0.0,92.79411406,0.0,0.0,14.963241,0.0,19.950988,9.26,14.719999999999999,0.0,0.0,7.8,0.0,18.33267717,3.2,0.0,311.5,0.0,0.0,0.0,0.0,299.4,0.0,14.963241,0.0,290.0,0.0,311.5,0.0,0.0,0.0,57.5,5.0,0.0,299.4,14.963241,311.5,290.0,0.0,12.0,0.0,0.0,0.0,0.0,0.0,0.0,0.0,0.0,0.0,0.0,0.0,0.0,0.0,0.0,0.0,0.0,155.73768,0.0,0.0,0.0,0.0,0.0,0.0,0.0,0.0,0.0,0.0,0.0,0.0,0.0,0.0,0.0,0.0
2030-01-02T20:00:00.0,0.0,0.0,0.0,0.0,0.0,0.0,0.0,0.0,0.0,57.5,5.999999999999432,0.0,0.0,0.0,14.963241,14.963241,279.0,311.5,0.0,0.0,0.0,0.0,24.938735,0.0,11.75,0.0,0.0,0.0,19.950988,234.5,0.0,92.79411406,0.0,0.0,14.963241,0.0,19.950988,9.26,14.719999999999999,0.0,0.0,7.8,0.0,18.33267717,3.2,0.0,311.5,0.0,0.0,0.0,0.0,254.8,0.0,14.963241,0.0,290.0,0.0,311.5,0.0,0.0,0.0,57.5,5.0,0.0,299.4,14.963241,311.5,290.0,0.0,12.0,0.0,0.0,0.0,0.0,0.0,0.0,0.0,0.0,0.0,0.0,0.0,0.0,0.0,0.0,5.847336,0.0,194.16992,0.0,0.0,0.0,0.0,0.0,0.0,0.0,0.0,0.0,0.0,0.0,0.0,0.0,0.0,0.0,0.0
2030-01-02T21:00:00.0,0.0,0.0,0.0,0.0,0.0,0.0,0.0,0.0,0.0,57.5,5.999999999999886,0.0,0.0,0.0,14.963241,14.963241,279.0,311.5,0.0,0.0,0.0,0.0,24.938735,0.0,11.75,0.0,0.0,0.0,19.950988,234.5,0.0,92.79411406,0.0,0.0,14.963241,0.0,19.950988,9.26,14.719999999999999,0.0,0.0,7.8,0.0,18.33267717,3.2,0.0,311.5,0.0,0.0,0.0,0.0,254.8,0.0,14.963241,0.0,290.0,0.0,311.5,0.0,0.0,0.0,57.5,5.0,0.0,299.4,14.963241,311.5,290.0,0.0,12.0,0.0,0.0,0.0,0.0,0.0,0.0,0.0,0.0,0.0,0.0,0.0,0.0,0.0,0.0,13.293126,0.0,236.32448,0.0,0.0,0.0,0.0,0.0,0.0,0.0,0.0,0.0,0.0,0.0,0.0,0.0,0.0,0.0,0.0
2030-01-02T22:00:00.0,0.0,0.0,0.0,0.0,0.0,0.0,0.0,0.0,0.0,57.5,6.0,0.0,0.0,0.0,14.963241,14.963241,279.0,311.5,0.0,0.0,0.0,0.0,24.938735,0.0,11.75,0.0,0.0,0.0,19.950988,234.5,0.0,92.79411406,0.0,0.0,14.963241,0.0,19.950988,9.26,14.719999999999999,0.0,0.0,7.8,0.0,18.33267717,3.2,0.0,311.5,0.0,0.0,0.0,0.0,299.4,0.0,14.963241,0.0,290.0,0.0,311.5,0.0,0.0,0.0,57.5,5.0,0.0,299.4,14.963241,311.5,290.0,0.0,12.0,0.0,0.0,0.0,0.0,0.0,0.0,0.0,0.0,0.0,0.0,0.0,0.0,0.0,0.0,20.373077999999992,0.0,286.10456,0.0,0.0,0.0,0.0,0.0,0.0,0.0,0.0,0.0,0.0,0.0,0.0,0.0,0.0,0.0,0.0
2030-01-02T23:00:00.0,0.0,0.0,0.0,0.0,0.0,0.0,0.0,0.0,0.0,57.5,5.999999999999659,0.0,0.0,0.0,14.963241,14.963241,279.0,311.5,0.0,0.0,0.0,0.0,24.938735,0.0,11.75,0.0,0.0,0.0,19.950988,234.5,0.0,92.79411406,0.0,0.0,14.963241,0.0,19.950988,9.26,14.719999999999999,0.0,0.0,7.8,0.0,18.33267717,3.2,0.0,311.5,0.0,0.0,0.0,0.0,288.2924795332931,0.0,14.963241,0.0,290.0,0.0,311.5,0.0,0.0,0.0,57.5,5.0,0.0,299.4,14.963241,311.5,290.0,0.0,12.0,0.0,0.0,0.0,0.0,0.0,0.0,0.0,0.0,0.0,0.0,0.0,0.0,0.0,0.0,43.46034,0.0,305.6967200000001,0.0,0.0,0.0,0.0,0.0,0.0,0.0,0.0,0.0,0.0,0.0,0.0,0.0,0.0,0.0,0.0
2030-01-03T00:00:00.0,0.0,0.0,0.0,0.0,0.0,0.0,0.0,0.0,0.0,57.5,5.999999999999773,0.0,0.0,0.0,14.963241,14.963241,279.0,311.5,0.0,0.0,0.0,0.0,24.938735,0.0,11.75,0.0,0.0,0.0,19.950988,234.5,0.0,92.79411406,0.0,0.0,14.963241,0.0,19.950988,9.26,14.719999999999999,0.0,0.0,7.8,0.0,18.33267717,3.2,0.0,311.5,0.0,0.0,0.0,0.0,299.4,0.0,14.963241,0.0,290.0,0.0,311.5,0.0,0.0,0.0,57.5,5.0,0.0,299.4,14.963241,311.5,290.0,0.0,12.0,0.0,0.0,0.0,0.0,0.0,0.0,0.0,0.0,0.0,0.0,0.0,0.0,0.0,0.0,63.33247800000001,0.0,335.818,0.0,0.0,0.0,0.0,0.0,0.0,0.0,0.0,0.0,0.0,0.0,0.0,0.0,0.0,0.0,0.0
2030-01-03T01:00:00.0,0.0,0.0,0.0,0.0,0.0,0.0,0.0,0.0,0.0,57.5,5.999999999999773,0.0,0.0,0.0,14.963241,14.963241,279.0,311.5,0.0,0.0,0.0,0.0,24.938735,0.0,11.75,0.0,0.0,0.0,19.950988,234.5,0.0,92.79411406,0.0,0.0,14.963241,0.0,19.950988,9.26,14.719999999999999,0.0,0.0,7.8,0.0,18.33267717,3.2,0.0,311.5,0.0,0.0,0.0,0.0,254.8,0.0,14.963241,0.0,290.0,0.0,311.5,0.0,0.0,0.0,57.5,5.0,0.0,299.4,14.963241,311.5,290.0,0.0,12.0,0.0,0.0,0.0,0.0,0.0,0.0,0.0,0.0,0.0,0.0,0.0,0.0,0.0,0.0,75.54630600000002,0.0,415.74791999999997,0.0,0.0,0.0,0.0,0.0,0.0,0.0,0.0,0.0,0.0,0.0,0.0,0.0,0.0,0.0,0.0
2030-01-03T02:00:00.0,0.0,0.0,0.0,0.0,0.0,0.0,0.0,0.0,0.0,57.5,5.999999999999773,0.0,0.0,0.0,14.963241,14.963241,279.0,311.5,0.0,0.0,0.0,0.0,24.938735,0.0,11.75,0.0,0.0,0.0,19.950988,234.5,0.0,92.79411406,0.0,0.0,14.963241,0.0,19.950988,9.26,14.719999999999999,0.0,0.0,7.8,0.0,18.33267717,3.2,0.0,311.5,0.0,0.0,0.0,0.0,261.74667399999964,0.0,14.963241,0.0,290.0,0.0,311.5,0.0,0.0,0.0,57.5,5.0,0.0,299.4,14.963241,311.5,290.0,0.0,12.0,0.0,0.0,0.0,0.0,0.0,0.0,0.0,0.0,0.0,0.0,0.0,0.0,0.0,0.0,78.196734,0.0,396.27952000000005,0.0,0.0,0.0,0.0,0.0,0.0,0.0,0.0,0.0,0.0,0.0,0.0,0.0,0.0,0.0,0.0
2030-01-03T03:00:00.0,0.0,0.0,0.0,0.0,0.0,0.0,0.0,0.0,0.0,57.5,5.999999999999318,0.0,0.0,0.0,14.963241,14.963241,240.5,311.5,0.0,0.0,0.0,0.0,24.938735,0.0,11.75,0.0,0.0,0.0,19.950988,234.5,0.0,92.79411406,0.0,0.0,14.963241,0.0,19.950988,9.26,14.719999999999999,0.0,0.0,7.8,0.0,18.33267717,3.2,0.0,272.7,0.0,0.0,0.0,0.0,254.8,0.0,14.963241,0.0,290.0,0.0,302.86014677000065,0.0,0.0,0.0,57.5,5.0,0.0,254.8,14.963241,311.5,290.0,0.0,12.0,0.0,0.0,0.0,0.0,0.0,0.0,0.0,0.0,0.0,0.0,0.0,0.0,0.0,0.0,82.04334600000001,0.0,541.5928,0.0,0.0,0.0,0.0,0.0,0.0,0.0,0.0,0.0,0.0,0.0,0.0,0.0,0.0,0.0,0.0
2030-01-03T04:00:00.0,0.0,0.0,0.0,0.0,0.0,0.0,0.0,0.0,0.0,57.5,6.0,0.0,0.0,0.0,14.963241,14.963241,240.5,311.5,0.0,0.0,0.0,0.0,24.938735,0.0,11.75,0.0,0.0,0.0,19.950988,234.5,0.0,92.79411406,0.0,0.0,14.963241,0.0,19.950988,9.26,14.719999999999999,0.0,0.0,7.8,0.0,18.33267717,3.2,0.0,304.77483877000014,0.0,0.0,0.0,0.0,254.8,0.0,14.963241,0.0,290.0,0.0,311.5,0.0,0.0,0.0,57.5,5.0,0.0,299.4,14.963241,311.5,290.0,0.0,12.0,0.0,0.0,0.0,0.0,0.0,0.0,0.0,0.0,0.0,0.0,0.0,0.0,0.0,0.0,69.817374,0.0,556.2440799999999,0.0,0.0,0.0,0.0,0.0,0.0,0.0,0.0,0.0,0.0,0.0,0.0,0.0,0.0,0.0,0.0
2030-01-03T05:00:00.0,0.0,0.0,0.0,0.0,0.0,0.0,0.0,0.0,0.0,57.5,5.999999999999773,0.0,0.0,0.0,14.963241,14.963241,279.0,311.5,0.0,0.0,0.0,0.0,24.938735,0.0,11.75,0.0,0.0,0.0,19.950988,234.5,0.0,92.79411406,0.0,0.0,14.963241,0.0,19.950988,9.26,14.719999999999999,0.0,0.0,7.8,0.0,18.33267717,3.2,0.0,311.5,0.0,0.0,0.0,0.0,255.20336477000035,0.0,14.963241,0.0,290.0,0.0,311.5,0.0,0.0,0.0,57.5,5.0,0.0,299.4,14.963241,311.5,290.0,0.0,12.0,0.0,0.0,0.0,0.0,0.0,0.0,0.0,0.0,0.0,0.0,0.0,0.0,0.0,0.0,47.75020800000001,0.0,695.30272,0.0,0.0,0.0,0.0,0.0,0.0,0.0,0.0,0.0,0.0,0.0,0.0,0.0,0.0,0.0,0.0
2030-01-03T06:00:00.0,0.0,0.0,0.0,0.0,0.0,0.0,0.0,0.0,0.0,57.5,6.0,0.0,0.0,0.0,14.963241,14.963241,279.0,311.5,0.0,0.0,0.0,0.0,24.938735,0.0,11.75,0.0,0.0,0.0,19.950988,234.5,0.0,92.79411406,0.0,0.0,14.963241,0.0,19.950988,9.26,14.719999999999999,0.0,0.0,7.8,0.0,18.33267717,3.2,0.0,311.5,0.0,0.0,0.0,0.0,299.4,0.0,14.963241,0.0,290.0,0.0,311.5,0.0,0.0,0.0,57.5,5.0,0.0,299.4,14.963241,311.5,290.0,0.0,12.0,0.0,0.0,0.0,0.0,0.0,0.0,0.0,0.0,0.0,0.0,0.0,0.0,0.0,0.0,49.96648800000001,0.0,748.8812800000001,0.0,0.0,0.0,0.0,0.0,0.0,0.0,0.0,0.0,0.0,0.0,0.0,0.0,0.0,0.0,0.0
2030-01-03T07:00:00.0,0.0,0.0,0.0,0.0,0.0,0.0,0.0,0.0,0.0,57.5,5.999999999999943,0.0,0.0,0.0,14.963241,14.963241,240.5,272.7,0.0,0.0,0.0,0.0,24.938735,0.0,11.75,0.0,0.0,0.0,19.950988,200.0,0.0,92.79411406,0.0,0.0,14.963241,0.0,19.950988,9.26,14.719999999999999,0.0,0.0,7.8,0.0,18.33267717,3.2,0.0,233.9,0.0,0.0,0.0,0.0,210.2,0.0,14.963241,0.0,0.0,0.0,259.7876017700002,0.0,0.0,0.0,57.5,5.0,0.0,254.8,14.963241,272.7,290.0,0.0,12.0,0.0,3.3551,38.872,10.139499999999998,37.544000000000004,17.927,19.712,0.0,28.158,15.52034,1.09787,20.355,0.0,3.75,90.39690000000007,5.07,782.60112,44.879999999999995,5.04375,144.45480000000003,0.2804999999999911,2.616,9.637500000000001,68.82000000000001,5.3625,3.2116000000000007,37.635999999999996,1.7446000000000002,0.14274,120.37900000000006,25.642671,130.43069999999994,50.9775
2030-01-03T08:00:00.0,0.0,0.0,0.0,0.0,0.0,0.0,0.0,0.0,0.0,25.0,5.999999999999687,0.0,0.0,0.0,14.963241,14.963241,149.1229890507933,117.5,0.0,0.0,0.0,0.0,24.938735,0.0,11.75,0.0,0.0,0.0,19.950988,131.0,0.0,92.79411406,0.0,0.0,14.963241,0.0,19.950988,9.26,14.719999999999999,0.0,0.0,7.8,0.0,18.33267717,3.2,0.0,156.3,0.0,0.0,0.0,0.0,121.0,0.0,14.963241,0.0,0.0,0.0,117.5,0.0,0.0,0.0,25.0,5.0,0.0,121.0,14.963241,117.5,133.5,0.0,12.0,0.0,10.8094,123.79599999999998,32.20049999999999,124.03800000000001,59.446,15.312999999999999,81.978,93.02850000000012,51.46376,2.13514,64.786,40.742000000000004,12.1876,119.894676,16.10075,783.0390400000001,136.06799999999998,16.0745,505.3272000000001,5.3635,8.664,30.7,240.708,18.0501,10.800399999999911,124.13799999999999,25.389,3.48855,421.10600000000005,81.615548,429.41460000000006,162.2425
2030-01-03T09:00:00.0,0.0,0.0,0.0,0.0,0.0,0.0,0.0,0.0,0.0,25.0,6.0,0.0,0.0,0.0,14.963241,14.963241,125.0,117.5,0.0,0.0,0.0,0.0,24.938735,0.0,11.75,0.0,0.0,0.0,19.950988,131.0,0.0,92.79411406,0.0,0.0,14.963241,0.0,19.950988,9.26,14.719999999999999,0.0,0.0,7.8,0.0,18.33267717,3.2,0.0,156.3,0.0,0.0,0.0,0.0,121.0,0.0,14.963241,0.0,0.0,0.0,117.5,0.0,0.0,0.0,25.0,5.0,0.0,121.0,14.963241,117.5,133.5,0.0,12.0,0.0,14.567000000000002,132.74200000000002,34.5455,136.812,65.601,84.6,20.944,102.60900000000002,56.81047999999987,29.06073,69.57799999999999,67.80800000000002,13.2876,115.17066000000001,17.27975,698.8632,200.25899999999996,17.266750000000002,563.4132000000002,26.749500000000126,9.528,32.925,268.36,24.7374,15.363600000000002,137.008,36.19824,6.630195,469.5110000000002,87.64347500000001,472.6569,174.17499999999998
2030-01-03T10:00:00.0,0.0,0.0,0.0,0.0,0.0,0.0,0.0,0.0,0.0,25.0,6.0,0.0,0.0,0.0,14.963241,14.963241,125.0,117.5,0.0,0.0,0.0,0.0,24.938735,0.0,11.75,0.0,0.0,0.0,19.950988,131.0,0.0,92.79411406,0.0,0.0,14.963241,0.0,19.950988,9.26,14.719999999999999,0.0,0.0,7.8,0.0,18.33267717,3.2,0.0,156.3,0.0,0.0,0.0,0.0,121.0,0.0,14.963241,0.0,0.0,0.0,117.5,0.0,0.0,0.0,25.0,5.0,0.0,121.0,14.963241,117.5,133.5,0.0,12.0,0.0,16.8973,124.35,32.3315,127.29600000000002,61.028000000000006,98.188,16.939999999999998,95.47200000000001,52.83836,55.888349999999946,65.182,64.12900000000013,12.4,105.13516200000001,16.166249999999998,706.2221599999999,238.30199999999994,16.17925,525.9576000000002,33.320499999999996,8.832,30.837500000000002,250.52400000000011,28.6125,18.500799999999778,127.27000000000001,43.030519999999996,9.649575,438.29800000000006,82.109242,438.75030000000004,163.15249999999997
2030-01-03T11:00:00.0,0.0,0.0,0.0,0.0,0.0,0.0,0.0,0.0,0.0,25.0,6.0,0.0,0.0,0.0,14.963241,14.963241,125.0,117.5,0.0,0.0,0.0,0.0,24.938735,0.0,11.75,0.0,0.0,0.0,19.950988,131.0,0.0,92.79411406,0.0,0.0,14.963241,0.0,19.950988,9.26,14.719999999999999,0.0,0.0,7.8,0.0,18.33267717,3.2,0.0,156.3,0.0,0.0,0.0,0.0,121.0,0.0,14.963241,0.0,0.0,0.0,117.5,0.0,0.0,0.0,25.0,5.0,0.0,121.0,14.963241,117.5,133.5,0.0,12.0,0.0,17.4951,77.376,21.471499999999995,119.56600000000002,57.326,55.625,57.135999999999996,89.67450000000001,49.63491,50.971669999999996,19.259,36.361,11.65,82.29078000000001,10.742500000000001,785.70464,255.162,4.78175,411.7848000000001,36.652499999999996,8.304,19.1875,196.148,30.0,20.001199999999926,119.9,21.9362,15.147600000000068,343.15400000000005,24.265188000000002,412.85459999999995,45.42250000000001
2030-01-03T12:00:00.0,0.0,0.0,0.0,0.0,0.0,0.0,0.0,0.0,0.0,25.0,6.0,0.0,0.0,0.0,14.963241,14.963241,125.0,117.5,0.0,0.0,0.0,0.0,24.938735,0.0,11.75,0.0,0.0,0.0,19.950988,131.0,0.0,92.79411406,0.0,0.0,14.963241,0.0,19.950988,9.26,14.719999999999999,0.0,0.0,7.8,0.0,18.33267717,3.2,0.0,156.3,0.0,0.0,0.0,0.0,121.0,0.0,14.963241,0.0,0.0,0.0,117.5,0.0,0.0,0.0,25.0,5.0,0.0,121.0,14.963241,117.5,133.5,0.0,12.0,0.0,5.99025,30.214000000000002,7.152999999999999,122.34000000000002,58.655,31.712,28.9,91.75500000000001,50.79305,54.19256,15.735000000000001,42.80899999999999,11.6,46.699752000000004,3.5765,785.39048,61.63499999999999,3.904,360.98160000000007,36.864999999999995,8.496,7.5,171.96,28.5501,19.592000000000002,118.86,34.35588,16.239015000000002,300.81800000000004,19.809152,411.47460000000007,100.17499999999993
2030-01-03T13:00:00.0,0.0,0.0,0.0,0.0,0.0,0.0,0.0,0.0,0.0,25.0,5.999999999999872,0.0,0.0,0.0,14.963241,14.963241,163.5,117.5,0.0,0.0,0.0,0.0,24.938735,0.0,11.75,0.0,0.0,0.0,19.950988,131.0,0.0,92.79411406,0.0,0.0,14.963241,0.0,19.950988,9.26,14.719999999999999,0.0,0.0,7.8,0.0,18.33267717,3.2,0.0,156.3,0.0,0.0,0.0,0.0,121.0,0.0,14.963241,0.0,0.0,0.0,117.5,0.0,0.0,0.0,25.0,5.0,0.0,121.0,14.963241,117.5,133.5,0.0,12.0,0.0,4.062625,2.546,0.6944999999999999,131.52600000000004,63.101,50.487,50.298,98.64450000000001,54.63482,62.135200000000005,1.333,63.25799999999997,8.675,103.15113600000001,0.35375,794.4440000000001,91.16399999999999,0.3275,343.04760000000005,33.873,8.7,0.625,163.404,11.9625,11.990799999999874,129.572,9.05268,15.718755,285.87300000000005,1.6754900000000001,454.5306,3.3400000000000003
2030-01-03T14:00:00.0,0.0,0.0,0.0,0.0,0.0,0.0,0.0,0.0,0.0,25.0,5.999999999999872,0.0,0.0,0.0,14.963241,14.963241,125.0,117.5,0.0,0.0,0.0,0.0,24.938735,0.0,11.75,0.0,0.0,0.0,19.950988,131.0,0.0,92.79411406,0.0,0.0,14.963241,0.0,19.950988,9.26,14.719999999999999,0.0,0.0,7.8,0.0,18.33267717,3.2,0.0,156.3,0.0,0.0,0.0,0.0,121.0,0.0,14.963241,0.0,0.0,0.0,117.5,0.0,0.0,0.0,25.0,5.0,0.0,121.0,14.963241,117.5,133.5,0.0,12.0,0.0,0.15855,73.13,16.493499999999997,132.86000000000004,63.766,34.6,4.004,99.64500000000001,55.20836,65.01471,46.953,68.13300000000001,11.687600000000089,25.048518,8.253499999999999,788.0180000000001,121.932,11.6465,441.3024000000001,27.608,9.252,18.1375,210.19199999999998,5.525100000000001,13.776400000000004,122.52599999999998,31.2936,13.138124999999999,367.75200000000007,59.143518,425.75069999999994,113.03250000000001
2030-01-03T15:00:00.0,0.0,0.0,0.0,0.0,0.0,0.0,0.0,0.0,0.0,25.0,5.9999999999995595,0.0,0.0,0.0,14.963241,14.963241,163.5,117.5,0.0,0.0,0.0,0.0,24.938735,0.0,11.75,0.0,0.0,0.0,19.950988,131.0,0.0,92.79411406,0.0,0.0,14.963241,0.0,19.950988,9.26,14.719999999999999,0.0,0.0,7.8,0.0,18.33267717,3.2,0.0,156.3,0.0,0.0,0.0,0.0,121.0,0.0,14.963241,0.0,0.0,0.0,117.5,0.0,0.0,0.0,25.0,5.0,0.0,121.0,14.963241,117.5,133.5,0.0,12.0,0.0,0.18305000000000002,78.548,20.397,75.92000000000002,36.361,30.738,24.974,56.94,31.484659999999938,35.478270000000066,41.224,47.632000000000005,7.562399999999999,6.639732000000001,10.2055,773.52856,87.86099999999999,10.2315,293.64720000000005,17.654500000000002,3.492,19.4875,139.88799999999998,2.4875999999999996,7.464799999999922,39.910000000000004,18.141760000000005,7.5687299999999995,244.70600000000005,51.933795,132.4041,105.56000000000002
2030-01-03T16:00:00.0,0.0,0.0,0.0,57.5,0.0,0.0,0.0,0.0,0.0,57.5,6.0,0.0,0.0,0.0,14.963241,14.963241,317.5,311.5,0.0,0.0,0.0,0.0,24.938735,0.0,11.75,0.0,0.0,0.0,19.950988,269.0,0.0,92.79411406,0.0,0.0,14.963241,0.0,19.950988,9.26,14.719999999999999,0.0,0.0,7.8,0.0,18.33267717,3.2,0.0,311.5,0.0,0.0,0.0,0.0,299.4,0.0,14.963241,0.0,290.0,0.0,311.5,0.0,0.0,0.0,57.5,5.0,0.0,308.5,14.963241,311.5,290.0,0.0,12.0,0.0,0.036574999999999996,0.416,0.6024999999999999,0.0,0.0,0.28800000000000003,6.02,0.0,0.0,0.0,1.254,4.277000000000001,0.0,3.5855159999999997,0.30125,546.1623999999999,0.0,0.31450000000000067,6.913200000000002,1.6404999999999998,0.0,0.1,3.292,0.0,0.0,0.0,0.76856,0.6731399999999765,5.761,1.584681,0.0,3.4050000000000002
2030-01-03T17:00:00.0,0.0,0.0,0.0,57.5,0.0,0.0,0.0,0.0,0.0,57.5,5.999999999999773,0.0,0.0,0.0,14.963241,14.963241,317.5,311.5,0.0,0.0,0.0,0.0,24.938735,0.0,11.75,0.0,0.0,0.0,19.950988,269.0,0.0,92.79411406,0.0,0.0,14.963241,0.0,19.950988,9.26,14.719999999999999,0.0,0.0,7.8,0.0,18.33267717,3.2,0.0,311.5,0.0,0.0,0.0,0.0,299.4,0.0,14.963241,0.0,290.0,0.0,311.5,0.0,0.0,0.0,57.5,5.0,0.0,308.5,14.963241,311.5,290.0,0.0,12.0,0.0,0.0,0.0,0.0,0.0,0.0,0.0,0.0,0.0,0.0,0.0,0.0,0.0,0.0,4.148694000000001,0.0,204.0612,0.0,0.0,0.0,0.0,0.0,0.0,0.0,0.0,0.0,0.0,0.0,0.0,0.0,0.0,0.0,0.0
2030-01-03T18:00:00.0,0.0,0.0,0.0,57.5,0.0,0.0,0.0,0.0,0.0,57.5,6.0,0.0,0.0,0.0,14.963241,14.963241,317.5,311.5,0.0,0.0,0.0,0.0,24.938735,0.0,11.75,0.0,0.0,0.0,19.950988,269.0,0.0,92.79411406,0.0,0.0,14.963241,0.0,19.950988,9.26,14.719999999999999,0.0,0.0,7.8,0.0,18.33267717,3.2,0.0,311.5,0.0,0.0,0.0,0.0,299.4,0.0,14.963241,0.0,290.0,0.0,311.5,0.0,0.0,0.0,57.5,5.0,0.0,308.5,14.963241,311.5,290.0,0.0,12.0,0.0,0.0,0.0,0.0,0.0,0.0,0.0,0.0,0.0,0.0,0.0,0.0,0.0,0.0,8.549375999999995,0.0,132.8992,0.0,0.0,0.0,0.0,0.0,0.0,0.0,0.0,0.0,0.0,0.0,0.0,0.0,0.0,0.0,0.0
2030-01-03T19:00:00.0,0.0,0.0,0.0,57.5,0.0,0.0,0.0,0.0,0.0,57.5,6.0,0.0,0.0,0.0,14.963241,14.963241,317.5,311.5,0.0,0.0,0.0,0.0,24.938735,0.0,11.75,0.0,0.0,0.0,19.950988,269.0,0.0,92.79411406,0.0,0.0,14.963241,0.0,19.950988,9.26,14.719999999999999,0.0,0.0,7.8,0.0,18.33267717,3.2,0.0,311.5,0.0,0.0,0.0,0.0,299.4,0.0,14.963241,0.0,290.0,0.0,311.5,0.0,0.0,0.0,57.5,5.0,0.0,308.5,14.963241,311.5,290.0,0.0,12.0,0.0,0.0,0.0,0.0,0.0,0.0,0.0,0.0,0.0,0.0,0.0,0.0,0.0,0.0,30.019968000000002,0.0,139.39184,0.0,0.0,0.0,0.0,0.0,0.0,0.0,0.0,0.0,0.0,0.0,0.0,0.0,0.0,0.0,0.0
2030-01-03T20:00:00.0,0.0,0.0,0.0,57.5,0.0,0.0,0.0,0.0,0.0,57.5,6.0,0.0,0.0,0.0,14.963241,14.963241,317.5,311.5,0.0,0.0,0.0,0.0,24.938735,0.0,11.75,0.0,0.0,0.0,19.950988,269.0,0.0,92.79411406,0.0,0.0,14.963241,0.0,19.950988,9.26,14.719999999999999,0.0,0.0,7.8,0.0,18.33267717,3.2,0.0,311.5,0.0,0.0,0.0,0.0,299.4,0.0,14.963241,0.0,290.0,0.0,311.5,0.0,0.0,0.0,57.5,5.0,0.0,308.5,14.963241,311.5,290.0,0.0,12.0,0.0,0.0,0.0,0.0,0.0,0.0,0.0,0.0,0.0,0.0,0.0,0.0,0.0,0.0,47.01701400000002,0.0,62.63208,0.0,0.0,0.0,0.0,0.0,0.0,0.0,0.0,0.0,0.0,0.0,0.0,0.0,0.0,0.0,0.0
2030-01-03T21:00:00.0,0.0,0.0,0.0,57.5,0.0,0.0,0.0,0.0,0.0,57.5,6.0,0.0,0.0,0.0,14.963241,14.963241,317.5,311.5,0.0,0.0,0.0,0.0,24.938735,0.0,11.75,0.0,0.0,0.0,19.950988,269.0,0.0,92.79411406,0.0,0.0,14.963241,0.0,19.950988,9.26,14.719999999999999,0.0,0.0,7.8,0.0,18.33267717,3.2,0.0,311.5,0.0,0.0,0.0,0.0,299.4,0.0,14.963241,0.0,290.0,0.0,311.5,0.0,0.0,0.0,57.5,5.0,0.0,308.5,14.963241,311.5,290.0,0.0,12.0,0.0,0.0,0.0,0.0,0.0,0.0,0.0,0.0,0.0,0.0,0.0,0.0,0.0,0.0,55.381194,0.0,112.93576,0.0,0.0,0.0,0.0,0.0,0.0,0.0,0.0,0.0,0.0,0.0,0.0,0.0,0.0,0.0,0.0
2030-01-03T22:00:00.0,0.0,0.0,0.0,57.5,0.0,0.0,0.0,0.0,0.0,57.5,6.0,0.0,0.0,0.0,14.963241,14.963241,279.0,311.5,0.0,0.0,0.0,0.0,24.938735,0.0,11.75,0.0,0.0,0.0,19.950988,269.0,0.0,92.79411406,0.0,0.0,14.963241,0.0,19.950988,9.26,14.719999999999999,0.0,0.0,7.8,0.0,18.33267717,3.2,0.0,311.5,0.0,0.0,0.0,0.0,299.4,0.0,14.963241,0.0,290.0,0.0,311.5,0.0,0.0,0.0,57.5,5.0,0.0,308.5,14.963241,311.5,290.0,0.0,12.0,0.0,0.0,0.0,0.0,0.0,0.0,0.0,0.0,0.0,0.0,0.0,0.0,0.0,0.0,37.711674,0.0,141.98128,0.0,0.0,0.0,0.0,0.0,0.0,0.0,0.0,0.0,0.0,0.0,0.0,0.0,0.0,0.0,0.0
2030-01-03T23:00:00.0,0.0,0.0,0.0,57.5,0.0,0.0,0.0,0.0,0.0,57.5,6.0,0.0,0.0,0.0,14.963241,14.963241,317.5,311.5,0.0,0.0,0.0,0.0,24.938735,0.0,11.75,0.0,0.0,0.0,19.950988,269.0,0.0,92.79411406,0.0,0.0,14.963241,0.0,19.950988,9.26,14.719999999999999,0.0,0.0,7.8,0.0,18.33267717,3.2,0.0,311.5,0.0,0.0,0.0,0.0,299.4,0.0,14.963241,0.0,290.0,0.0,311.5,0.0,0.0,0.0,57.5,5.0,0.0,308.5,14.963241,311.5,290.0,0.0,12.0,0.0,0.0,0.0,0.0,0.0,0.0,0.0,0.0,0.0,0.0,0.0,0.0,0.0,0.0,13.194456,0.0,14.40376,0.0,0.0,0.0,0.0,0.0,0.0,0.0,0.0,0.0,0.0,0.0,0.0,0.0,0.0,0.0,0.0
2030-01-04T00:00:00.0,0.0,0.0,0.0,57.5,0.0,0.0,0.0,0.0,0.0,57.5,6.0,0.0,0.0,0.0,14.963241,14.963241,317.5,311.5,0.0,0.0,0.0,0.0,24.938735,0.0,11.75,0.0,0.0,0.0,19.950988,269.0,0.0,92.79411406,0.0,0.0,14.963241,0.0,19.950988,9.26,14.719999999999999,0.0,0.0,7.8,0.0,18.33267717,3.2,0.0,311.5,0.0,0.0,0.0,0.0,299.4,0.0,14.963241,0.0,290.0,0.0,311.5,0.0,0.0,0.0,57.5,5.0,0.0,308.5,14.963241,311.5,290.0,0.0,12.0,0.0,0.0,0.0,0.0,0.0,0.0,0.0,0.0,0.0,0.0,0.0,0.0,0.0,0.0,5.809386,0.0,11.69056,0.0,0.0,0.0,0.0,0.0,0.0,0.0,0.0,0.0,0.0,0.0,0.0,0.0,0.0,0.0,0.0
2030-01-04T01:00:00.0,0.0,0.0,0.0,57.5,0.0,0.0,0.0,0.0,0.0,57.5,6.0,0.0,0.0,0.0,14.963241,14.963241,317.5,311.5,0.0,0.0,0.0,0.0,24.938735,0.0,11.75,0.0,0.0,0.0,19.950988,269.0,0.0,92.79411406,0.0,0.0,14.963241,0.0,19.950988,9.26,14.719999999999999,0.0,0.0,7.8,0.0,18.33267717,3.2,0.0,311.5,0.0,0.0,0.0,0.0,299.4,0.0,14.963241,0.0,290.0,0.0,311.5,0.0,0.0,0.0,57.5,5.0,0.0,308.5,14.963241,311.5,290.0,0.0,12.0,0.0,0.0,0.0,0.0,0.0,0.0,0.0,0.0,0.0,0.0,0.0,0.0,0.0,0.0,5.5407,0.0,64.93592000000001,0.0,0.0,0.0,0.0,0.0,0.0,0.0,0.0,0.0,0.0,0.0,0.0,0.0,0.0,0.0,0.0
2030-01-04T02:00:00.0,0.0,0.0,0.0,57.5,0.0,0.0,0.0,0.0,0.0,57.5,6.0,0.0,0.0,0.0,14.963241,14.963241,279.0,311.5,0.0,0.0,0.0,0.0,24.938735,0.0,11.75,0.0,0.0,0.0,19.950988,269.0,0.0,92.79411406,0.0,0.0,14.963241,0.0,19.950988,9.26,14.719999999999999,0.0,0.0,7.8,0.0,18.33267717,3.2,0.0,311.5,0.0,0.0,0.0,0.0,299.4,0.0,14.963241,0.0,290.0,0.0,311.5,0.0,0.0,0.0,57.5,5.0,0.0,308.5,14.963241,311.5,290.0,0.0,12.0,0.0,0.0,0.0,0.0,0.0,0.0,0.0,0.0,0.0,0.0,0.0,0.0,0.0,0.0,0.0,0.0,116.91512,0.0,0.0,0.0,0.0,0.0,0.0,0.0,0.0,0.0,0.0,0.0,0.0,0.0,0.0,0.0,0.0
2030-01-04T03:00:00.0,0.0,0.0,0.0,57.5,0.0,0.0,0.0,0.0,0.0,57.5,6.0,0.0,0.0,0.0,14.963241,14.963241,303.23135999999977,311.5,0.0,0.0,0.0,0.0,24.938735,0.0,11.75,0.0,0.0,0.0,19.950988,269.0,0.0,92.79411406,0.0,0.0,14.963241,0.0,19.950988,9.26,14.719999999999999,0.0,0.0,7.8,0.0,18.33267717,3.2,0.0,311.5,0.0,0.0,0.0,0.0,299.4,0.0,14.963241,0.0,290.0,0.0,311.5,0.0,0.0,0.0,57.5,5.0,0.0,308.5,14.963241,311.5,290.0,0.0,12.0,0.0,0.0,0.0,0.0,0.0,0.0,0.0,0.0,0.0,0.0,0.0,0.0,0.0,0.0,0.0,0.0,95.32376,0.0,0.0,0.0,0.0,0.0,0.0,0.0,0.0,0.0,0.0,0.0,0.0,0.0,0.0,0.0,0.0
2030-01-04T04:00:00.0,0.0,0.0,0.0,57.5,0.0,0.0,0.0,0.0,0.0,57.5,6.0,0.0,0.0,0.0,14.963241,14.963241,285.5408713917682,311.5,0.0,0.0,0.0,0.0,24.938735,0.0,11.75,0.0,0.0,0.0,19.950988,269.0,0.0,92.79411406,0.0,0.0,14.963241,0.0,19.950988,9.26,14.719999999999999,0.0,0.0,7.8,0.0,18.33267717,3.2,0.0,311.5,0.0,0.0,0.0,0.0,299.4,0.0,14.963241,0.0,290.0,0.0,311.5,0.0,0.0,0.0,57.5,5.0,0.0,308.5,14.963241,311.5,290.0,0.0,12.0,0.0,0.0,0.0,0.0,0.0,0.0,0.0,0.0,0.0,0.0,0.0,0.0,0.0,0.0,2.843214,0.0,81.59591999999999,0.0,0.0,0.0,0.0,0.0,0.0,0.0,0.0,0.0,0.0,0.0,0.0,0.0,0.0,0.0,0.0
2030-01-04T05:00:00.0,0.0,0.0,0.0,57.5,0.0,0.0,0.0,0.0,0.0,57.5,6.0,0.0,0.0,0.0,14.963241,14.963241,317.5,311.5,0.0,0.0,0.0,0.0,24.938735,0.0,11.75,0.0,0.0,0.0,19.950988,269.0,0.0,92.79411406,0.0,0.0,14.963241,0.0,19.950988,9.26,14.719999999999999,0.0,0.0,7.8,0.0,18.33267717,3.2,0.0,311.5,0.0,0.0,0.0,0.0,299.4,0.0,14.963241,0.0,290.0,0.0,311.5,0.0,0.0,0.0,57.5,5.0,0.0,308.5,14.963241,311.5,290.0,0.0,12.0,0.0,0.0,0.0,0.0,0.0,0.0,0.0,0.0,0.0,0.0,0.0,0.0,0.0,0.0,0.004554000000000001,0.0,89.26904,0.0,0.0,0.0,0.0,0.0,0.0,0.0,0.0,0.0,0.0,0.0,0.0,0.0,0.0,0.0,0.0
2030-01-04T06:00:00.0,0.0,0.0,0.0,57.5,0.0,0.0,0.0,0.0,0.0,57.5,5.999999999999773,0.0,0.0,0.0,14.963241,14.963241,317.5,311.5,0.0,0.0,0.0,0.0,24.938735,0.0,11.75,0.0,0.0,0.0,19.950988,269.0,0.0,92.79411406,0.0,0.0,14.963241,0.0,19.950988,9.26,14.719999999999999,0.0,0.0,7.8,0.0,18.33267717,3.2,0.0,311.5,0.0,0.0,0.0,0.0,299.4,0.0,14.963241,0.0,290.0,0.0,311.5,0.0,0.0,0.0,57.5,5.0,0.0,308.5,14.963241,311.5,290.0,0.0,12.0,0.0,0.0,0.0,0.0,0.0,0.0,0.0,0.0,0.0,0.0,0.0,0.0,0.0,0.0,0.0,0.0,62.879599999999996,0.0,0.0,0.0,0.0,0.0,0.0,0.0,0.0,0.0,0.0,0.0,0.0,0.0,0.0,0.0,0.0
2030-01-04T07:00:00.0,0.0,0.0,0.0,57.5,0.0,0.0,0.0,0.0,0.0,57.5,6.0,0.0,0.0,0.0,14.963241,14.963241,317.5,311.5,0.0,0.0,0.0,0.0,24.938735,0.0,11.75,0.0,0.0,0.0,19.950988,269.0,0.0,92.79411406,0.0,0.0,14.963241,0.0,19.950988,9.26,14.719999999999999,0.0,0.0,7.8,0.0,18.33267717,3.2,0.0,311.5,0.0,0.0,0.0,0.0,299.4,0.0,14.963241,0.0,290.0,0.0,311.5,0.0,0.0,0.0,57.5,5.0,0.0,308.5,14.963241,311.5,290.0,0.0,12.0,0.0,3.391675,8.454,10.362499999999997,38.53200000000001,18.386,0.95,0.0,28.898999999999994,15.920869999999999,0.76861,7.022,0.0,1.3,0.0,5.18775,58.928799999999995,6.644999999999998,1.7425,91.64400000000002,0.153,2.6880000000000166,2.1,43.675999999999995,5.2875,1.0416000000000003,38.844,2.2692799999999997,0.0918450000000135,76.37000000000002,8.845564,134.0325,12.5925
2030-01-04T08:00:00.0,0.0,0.0,0.0,0.0,0.0,0.0,0.0,0.0,0.0,0.0,6.0,0.0,0.0,0.0,14.963241,14.963241,202.0,195.1,0.0,0.0,0.0,0.0,24.938735,0.0,11.75,0.0,0.0,0.0,19.950988,165.5,0.0,92.79411406,0.0,0.0,14.963241,0.0,19.950988,9.26,14.719999999999999,0.0,0.0,7.8,0.0,18.33267717,3.2,0.0,195.1,0.0,0.0,0.0,0.0,165.6,0.0,14.963241,0.0,196.1,0.0,195.1,0.0,0.0,0.0,0.0,5.0,0.0,165.6,14.963241,195.1,196.1,0.0,12.0,0.0,1.18335,125.30799999999999,3.7859999999999987,125.78800000000003,60.206,0.625,1.9640000000000002,94.34100000000001,52.135259999999995,6.648830000000001,65.565,3.5880000000000005,1.4876,0.0,1.8865,58.11008,138.04199999999994,16.271,389.45760000000007,0.43350000000000005,8.807999999999936,31.075000000000017,185.51999999999998,18.1875,1.4508,126.55599999999998,0.89076,0.07137,324.5480000000001,82.577356,435.50040000000007,52.1
2030-01-04T09:00:00.0,0.0,0.0,0.0,0.0,0.0,0.0,0.0,0.0,0.0,0.0,6.0,0.0,0.0,0.0,14.963241,14.963241,202.0,195.1,0.0,0.0,0.0,0.0,24.938735,0.0,11.75,0.0,0.0,0.0,19.950988,165.5,0.0,92.79411406,0.0,0.0,14.963241,0.0,19.950988,9.26,14.719999999999999,0.0,0.0,7.8,0.0,18.33267717,3.2,0.0,195.1,0.0,0.0,0.0,0.0,165.6,0.0,14.963241,0.0,196.1,0.0,195.1,0.0,0.0,0.0,0.0,5.0,0.0,165.6,14.963241,195.1,196.1,0.0,12.0,0.0,2.6108249999999997,24.508,35.239999999999995,138.84000000000003,66.503,23.688000000000002,3.108,104.13000000000001,57.57915,13.70065,70.951,4.225000000000001,13.5124,11.922372000000001,17.6205,75.40792,202.22099999999995,17.60725,443.92320000000007,2.1590000000000003,9.708,6.075,211.46399999999997,24.8874,15.5744,138.996,14.11592,0.16321500000000003,369.93600000000004,89.38419400000002,479.49480000000017,109.2975
2030-01-04T10:00:00.0,0.0,0.0,0.0,0.0,0.0,0.0,0.0,0.0,0.0,0.0,6.0,0.0,0.0,0.0,14.963241,14.963241,202.0,195.1,0.0,0.0,0.0,0.0,24.938735,0.0,11.75,0.0,0.0,0.0,19.950988,165.5,0.0,92.79411406,0.0,0.0,14.963241,0.0,19.950988,9.26,14.719999999999999,0.0,0.0,7.8,0.0,18.33267717,3.2,0.0,195.1,0.0,0.0,0.0,0.0,165.6,0.0,14.963241,0.0,211.98535705079632,0.0,195.1,0.0,0.0,0.0,0.0,5.0,0.0,165.6,14.963241,195.1,196.1,0.0,12.0,0.0,17.007025,126.568,32.947500000000005,129.62000000000003,62.073,99.412,22.686,97.215,53.74765,7.210389999999999,66.31700000000001,26.637000000000004,12.6626,12.535644000000003,16.48075,107.85208,56.30999999999999,16.4545,466.1160000000001,7.0040000000000004,9.06,31.387500000000017,222.036,26.5749,18.87279999999997,129.844,21.264880000000005,1.122030000000052,388.43,83.537885,447.5132999999999,165.3575
2030-01-04T11:00:00.0,0.0,0.0,0.0,0.0,0.0,0.0,0.0,0.0,0.0,0.0,6.0,0.0,0.0,0.0,14.963241,14.963241,202.0,195.1,0.0,0.0,0.0,0.0,24.938735,0.0,11.75,0.0,0.0,0.0,19.950988,165.5,0.0,92.79411406,0.0,0.0,14.963241,0.0,19.950988,9.26,14.719999999999999,0.0,0.0,7.8,0.0,18.33267717,3.2,0.0,195.1,0.0,0.0,0.0,0.0,165.6,0.0,14.963241,0.0,227.4,0.0,195.1,0.0,0.0,0.0,0.0,5.0,0.0,165.6,14.963241,195.1,196.1,0.0,12.0,0.0,2.708475,119.876,31.165500000000065,43.766000000000005,20.934,100.0,84.124,32.8245,18.12892,14.860130000000003,62.83200000000001,43.355,4.975,12.772452000000005,15.57675,250.49976000000004,259.0199999999999,15.589749999999999,461.68080000000003,20.6465,8.568000000000001,29.7375,219.89600000000007,30.0,5.1956000000000016,122.90200000000002,30.317559999999997,0.8262149999999999,384.73400000000004,79.14707800000001,420.94140000000004,156.7375
2030-01-04T12:00:00.0,0.0,0.0,0.0,0.0,0.0,0.0,0.0,0.0,0.0,0.0,6.0,0.0,0.0,0.0,14.963241,14.963241,202.0,195.1,0.0,0.0,0.0,0.0,24.938735,0.0,11.75,0.0,0.0,0.0,19.950988,165.5,0.0,92.79411406,0.0,0.0,14.963241,0.0,19.950988,9.26,14.719999999999999,0.0,0.0,7.8,0.0,18.33267717,3.2,0.0,195.1,0.0,0.0,0.0,0.0,165.6,0.0,14.963241,0.0,196.1,0.0,195.1,0.0,0.0,0.0,0.0,5.0,0.0,165.6,14.963241,195.1,196.1,0.0,12.0,0.0,10.687425,123.32799999999999,32.0695,125.736,60.221999999999994,6.162,46.566,94.302,52.13526,10.333309999999999,64.58800000000008,39.07800000000001,12.275,25.731618,16.03525,180.72768000000002,254.65799999999996,16.022,492.1980000000001,22.27,8.76,30.587500000000002,234.45999999999998,30.0,20.0012,126.1,46.2514,6.9361500000000005,410.165,81.355911,434.52750000000003,161.13250000000002
2030-01-04T13:00:00.0,0.0,0.0,0.0,0.0,0.0,0.0,0.0,0.0,0.0,0.0,6.0,0.0,0.0,0.0,14.963241,14.963241,202.0,195.1,0.0,0.0,0.0,0.0,24.938735,0.0,11.75,0.0,0.0,0.0,19.950988,165.5,0.0,92.79411406,0.0,0.0,14.963241,0.0,19.950988,9.26,14.719999999999999,0.0,0.0,7.8,0.0,18.33267717,3.2,0.0,195.1,0.0,0.0,0.0,0.0,165.6,0.0,14.963241,0.0,196.1,0.0,195.1,0.0,0.0,0.0,0.0,5.0,0.0,165.6,14.963241,195.1,196.1,0.0,12.0,0.0,16.360575,82.568,23.449499999999997,135.842,65.079,94.95,43.174,101.88149999999997,56.34517,8.247660000000002,34.399,45.20099999999998,13.2876,48.875046,11.725,237.20032,136.224,8.541749999999999,432.1296000000001,20.3065,9.444,20.474999999999998,205.856,27.3624,19.331600000000005,122.39599999999999,40.00464,10.169835,360.10800000000006,43.333799,424.45349999999996,118.20749999999998
2030-01-04T14:00:00.0,0.0,0.0,0.0,0.0,0.0,0.0,0.0,0.0,0.0,0.0,6.0,0.0,0.0,0.0,14.963241,14.963241,202.0,195.1,0.0,0.0,0.0,0.0,24.938735,0.0,11.75,0.0,0.0,0.0,19.950988,165.5,0.0,92.79411406,0.0,0.0,14.963241,0.0,19.950988,9.26,14.719999999999999,0.0,0.0,7.8,0.0,18.33267717,3.2,0.0,195.1,0.0,0.0,0.0,0.0,165.6,0.0,14.963241,0.0,196.1,0.0,195.1,0.0,0.0,0.0,0.0,5.0,0.0,165.6,14.963241,195.1,196.1,0.0,12.0,0.0,13.188525,116.412,27.287999999999993,137.888,66.06,77.062,11.61,103.41600000000001,57.19995,7.698219999999999,71.25399999999999,8.385,13.425,61.627764000000006,13.63775,151.17759999999998,3.197999999999998,17.686,436.5984,18.5725,9.612,28.875,207.98000000000002,0.2625,15.872000000000003,138.1,18.166200000000003,13.087035,363.83200000000005,89.76022,478.3356,127.84249999999986
2030-01-04T15:00:00.0,0.0,0.0,0.0,0.0,0.0,0.0,0.0,0.0,0.0,0.0,6.0,0.0,0.0,0.0,14.963241,14.963241,202.0,195.1,0.0,0.0,0.0,0.0,24.938735,0.0,11.75,0.0,0.0,0.0,19.950988,165.5,0.0,92.79411406,0.0,0.0,14.963241,0.0,19.950988,9.26,14.719999999999999,0.0,0.0,7.8,0.0,18.33267717,3.2,0.0,195.1,0.0,0.0,0.0,0.0,165.6,0.0,14.963241,0.0,227.4,0.0,195.1,0.0,0.0,0.0,0.0,5.0,0.0,165.6,14.963241,195.1,196.1,0.0,12.0,0.0,4.1236999999999995,34.89,16.479999999999997,80.444,38.481,43.65,14.404000000000018,60.333000000000006,33.31351000000001,3.5743899999999997,36.696,0.7410000000000001,7.975,30.293208,8.24025,305.09696,1.5359999999999998,9.105,238.6776000000001,10.047,2.916,8.65,113.71999999999998,5.1126,7.8740000000000006,79.742,5.087679999999999,5.701995,198.89800000000002,46.230734000000005,276.759,65.75
2030-01-04T16:00:00.0,0.0,0.0,0.0,0.0,0.0,0.0,0.0,0.0,0.0,0.0,5.999999999999659,0.0,0.0,0.0,14.963241,14.963241,240.5,311.5,0.0,0.0,0.0,0.0,24.938735,0.0,11.75,0.0,0.0,0.0,19.950988,234.5,0.0,92.79411406,0.0,0.0,14.963241,0.0,19.950988,9.26,14.719999999999999,0.0,0.0,7.8,0.0,18.33267717,3.2,0.0,311.5,0.0,0.0,0.0,0.0,254.8,0.0,14.963241,0.0,290.0,0.0,311.5,0.0,0.0,0.0,0.0,5.0,0.0,299.4,14.963241,311.5,290.0,0.0,12.0,0.0,0.06107499999999999,0.744,0.19649999999999998,0.0,0.0,1.737,1.21,0.0,0.0,0.0,0.33,0.8710000000000002,0.0,21.500951999999998,0.09175,202.31904,0.0,0.07849999999999324,2.604,0.44200000000000006,0.036,0.1875,1.2400000000000002,0.0,0.0,0.0,0.35359999999999997,0.16321500000000003,2.1700000000000004,0.41567500000000007,0.0,0.8325
2030-01-04T17:00:00.0,0.0,0.0,0.0,0.0,0.0,0.0,0.0,0.0,0.0,0.0,6.0,0.0,0.0,0.0,14.963241,14.963241,279.0,311.5,0.0,0.0,0.0,0.0,24.938735,0.0,11.75,0.0,0.0,0.0,19.950988,234.5,0.0,92.79411406,0.0,0.0,14.963241,0.0,19.950988,9.26,14.719999999999999,0.0,0.0,7.8,0.0,18.33267717,3.2,0.0,311.5,0.0,0.0,0.0,0.0,254.8,0.0,14.963241,0.0,290.0,0.0,311.5,0.0,0.0,0.0,0.0,5.0,0.0,299.4,14.963241,311.5,290.0,0.0,12.0,0.0,0.0,0.0,0.0,0.0,0.0,0.0,0.0,0.0,0.0,0.0,0.0,0.0,0.0,8.116746000000001,0.0,311.14216,0.0,0.0,0.0,0.0,0.0,0.0,0.0,0.0,0.0,0.0,0.0,0.0,0.0,0.0,0.0,0.0
2030-01-04T18:00:00.0,0.0,0.0,0.0,0.0,0.0,0.0,0.0,0.0,0.0,0.0,5.999999999999773,0.0,0.0,0.0,14.963241,14.963241,240.5,311.5,0.0,0.0,0.0,0.0,24.938735,0.0,11.75,0.0,0.0,0.0,19.950988,234.5,0.0,92.79411406,0.0,0.0,14.963241,0.0,19.950988,9.26,14.719999999999999,0.0,0.0,7.8,0.0,18.33267717,3.2,0.0,311.5,0.0,0.0,0.0,0.0,254.8,0.0,14.963241,0.0,290.0,0.0,311.5,0.0,0.0,0.0,0.0,5.0,0.0,299.4,14.963241,311.5,290.0,0.0,12.0,0.0,0.0,0.0,0.0,0.0,0.0,0.0,0.0,0.0,0.0,0.0,0.0,0.0,0.0,3.556674,0.0,423.00216,0.0,0.0,0.0,0.0,0.0,0.0,0.0,0.0,0.0,0.0,0.0,0.0,0.0,0.0,0.0,0.0
2030-01-04T19:00:00.0,0.0,0.0,0.0,0.0,0.0,0.0,0.0,0.0,0.0,0.0,5.999999999999773,0.0,0.0,0.0,14.963241,14.963241,240.5,311.5,0.0,0.0,0.0,0.0,24.938735,0.0,11.75,0.0,0.0,0.0,19.950988,234.5,0.0,92.79411406,0.0,0.0,14.963241,0.0,19.950988,9.26,14.719999999999999,0.0,0.0,7.8,0.0,18.33267717,3.2,0.0,311.5,0.0,0.0,0.0,0.0,254.8,0.0,14.963241,0.0,290.0,0.0,311.5,0.0,0.0,0.0,0.0,5.0,0.0,299.4,14.963241,311.5,290.0,0.0,12.0,0.0,0.0,0.0,0.0,0.0,0.0,0.0,0.0,0.0,0.0,0.0,0.0,0.0,0.0,2.62614,0.0,439.17663999999996,0.0,0.0,0.0,0.0,0.0,0.0,0.0,0.0,0.0,0.0,0.0,0.0,0.0,0.0,0.0,0.0
2030-01-04T20:00:00.0,0.0,0.0,0.0,0.0,0.0,0.0,0.0,0.0,0.0,0.0,5.999999999999432,0.0,0.0,0.0,14.963241,14.963241,240.5,311.5,0.0,0.0,0.0,0.0,24.938735,0.0,11.75,0.0,0.0,0.0,19.950988,234.5,0.0,92.79411406,0.0,0.0,14.963241,0.0,19.950988,9.26,14.719999999999999,0.0,0.0,7.8,0.0,18.33267717,3.2,0.0,311.5,0.0,0.0,0.0,0.0,254.8,0.0,14.963241,0.0,290.0,0.0,311.5,0.0,0.0,0.0,0.0,5.0,0.0,299.4,14.963241,311.5,290.0,0.0,12.0,0.0,0.0,0.0,0.0,0.0,0.0,0.0,0.0,0.0,0.0,0.0,0.0,0.0,0.0,4.922874,0.0,341.23488000000003,0.0,0.0,0.0,0.0,0.0,0.0,0.0,0.0,0.0,0.0,0.0,0.0,0.0,0.0,0.0,0.0
2030-01-04T21:00:00.0,0.0,0.0,0.0,0.0,0.0,0.0,0.0,0.0,0.0,0.0,6.0,0.0,0.0,0.0,14.963241,14.963241,240.5,311.5,0.0,0.0,0.0,0.0,24.938735,0.0,11.75,0.0,0.0,0.0,19.950988,234.5,0.0,92.79411406,0.0,0.0,14.963241,0.0,19.950988,9.26,14.719999999999999,0.0,0.0,7.8,0.0,18.33267717,3.2,0.0,311.5,0.0,0.0,0.0,0.0,254.8,0.0,14.963241,0.0,290.0,0.0,311.5,0.0,0.0,0.0,0.0,5.0,0.0,299.4,14.963241,311.5,290.0,0.0,12.0,0.0,0.0,0.0,0.0,0.0,0.0,0.0,0.0,0.0,0.0,0.0,0.0,0.0,0.0,2.36808,0.0,303.07872,0.0,0.0,0.0,0.0,0.0,0.0,0.0,0.0,0.0,0.0,0.0,0.0,0.0,0.0,0.0,0.0
2030-01-04T22:00:00.0,0.0,0.0,0.0,0.0,0.0,0.0,0.0,0.0,0.0,0.0,6.0,0.0,0.0,0.0,14.963241,14.963241,274.77321362176804,311.5,0.0,0.0,0.0,0.0,24.938735,0.0,11.75,0.0,0.0,0.0,19.950988,234.5,0.0,92.79411406,0.0,0.0,14.963241,0.0,19.950988,9.26,14.719999999999999,0.0,0.0,7.8,0.0,18.33267717,3.2,0.0,311.5,0.0,0.0,0.0,0.0,254.8,0.0,14.963241,0.0,290.0,0.0,311.5,0.0,0.0,0.0,0.0,5.0,0.0,299.4,14.963241,311.5,290.0,0.0,12.0,0.0,0.0,0.0,0.0,0.0,0.0,0.0,0.0,0.0,0.0,0.0,0.0,0.0,0.0,1.1870760000000002,0.0,260.4672,0.0,0.0,0.0,0.0,0.0,0.0,0.0,0.0,0.0,0.0,0.0,0.0,0.0,0.0,0.0,0.0
2030-01-04T23:00:00.0,0.0,0.0,0.0,0.0,0.0,0.0,0.0,0.0,0.0,0.0,5.999999999999773,0.0,0.0,0.0,14.963241,14.963241,240.5,311.5,0.0,0.0,0.0,0.0,24.938735,0.0,11.75,0.0,0.0,0.0,19.950988,234.5,0.0,92.79411406,0.0,0.0,14.963241,0.0,19.950988,9.26,14.719999999999999,0.0,0.0,7.8,0.0,18.33267717,3.2,0.0,311.5,0.0,0.0,0.0,0.0,254.8,0.0,14.963241,0.0,290.0,0.0,311.5,0.0,0.0,0.0,0.0,5.0,0.0,299.4,14.963241,311.5,290.0,0.0,12.0,0.0,0.0,0.0,0.0,0.0,0.0,0.0,0.0,0.0,0.0,0.0,0.0,0.0,0.0,8.364180000000003,0.0,287.15176,0.0,0.0,0.0,0.0,0.0,0.0,0.0,0.0,0.0,0.0,0.0,0.0,0.0,0.0,0.0,0.0
2030-01-05T00:00:00.0,0.0,0.0,0.0,0.0,0.0,0.0,0.0,0.0,0.0,0.0,5.9999999999990905,0.0,0.0,0.0,14.963241,14.963241,240.5,311.5,0.0,0.0,0.0,0.0,24.938735,0.0,11.75,0.0,0.0,0.0,19.950988,234.5,0.0,92.79411406,0.0,0.0,14.963241,0.0,19.950988,9.26,14.719999999999999,0.0,0.0,7.8,0.0,18.33267717,3.2,0.0,311.5,0.0,0.0,0.0,0.0,254.8,0.0,14.963241,0.0,290.0,0.0,311.5,0.0,0.0,0.0,0.0,5.0,0.0,299.4,14.963241,311.5,290.0,0.0,12.0,0.0,0.0,0.0,0.0,0.0,0.0,0.0,0.0,0.0,0.0,0.0,0.0,0.0,0.0,17.73783,0.0,595.54264,0.0,0.0,0.0,0.0,0.0,0.0,0.0,0.0,0.0,0.0,0.0,0.0,0.0,0.0,0.0,0.0
2030-01-05T01:00:00.0,0.0,0.0,0.0,0.0,0.0,0.0,0.0,0.0,0.0,0.0,5.999999999999204,0.0,0.0,0.0,14.963241,14.963241,240.5,311.5,0.0,0.0,0.0,0.0,24.938735,0.0,11.75,0.0,0.0,0.0,19.950988,234.5,0.0,92.79411406,0.0,0.0,14.963241,0.0,19.950988,9.26,14.719999999999999,0.0,0.0,7.8,0.0,18.332677169999997,3.2,0.0,311.5,0.0,0.0,0.0,0.0,254.8,0.0,14.963241,0.0,290.0,0.0,311.5,0.0,0.0,0.0,0.0,5.0,0.0,299.4,14.963241,311.5,290.0,0.0,12.0,0.0,0.0,0.0,0.0,0.0,0.0,0.0,0.0,0.0,0.0,0.0,0.0,0.0,0.0,13.487430000000002,0.0,496.54416000000003,0.0,0.0,0.0,0.0,0.0,0.0,0.0,0.0,0.0,0.0,0.0,0.0,0.0,0.0,0.0,0.0
2030-01-05T02:00:00.0,0.0,0.0,0.0,0.0,0.0,0.0,0.0,0.0,0.0,0.0,5.999999999998977,0.0,0.0,0.0,14.963241,14.963241,240.5,311.5,0.0,0.0,0.0,0.0,24.938735,0.0,11.75,0.0,0.0,0.0,19.950988,234.5,0.0,92.79411405999998,0.0,0.0,14.963241,0.0,19.950988,9.26,14.719999999999999,0.0,0.0,7.8,0.0,18.33267717,3.2,0.0,311.5,0.0,0.0,0.0,0.0,254.8,0.0,14.963241,0.0,290.0,0.0,311.5,0.0,0.0,0.0,0.0,5.0,0.0,299.4,14.963241,311.5,290.0,0.0,12.0,0.0,0.0,0.0,0.0,0.0,0.0,0.0,0.0,0.0,0.0,0.0,0.0,0.0,0.0,4.440150000000001,0.0,277.508,0.0,0.0,0.0,0.0,0.0,0.0,0.0,0.0,0.0,0.0,0.0,0.0,0.0,0.0,0.0,0.0
2030-01-05T03:00:00.0,0.0,0.0,0.0,0.0,0.0,0.0,0.0,0.0,0.0,0.0,5.999999999999204,0.0,0.0,0.0,14.963241,14.963241,265.7166599999981,311.5,0.0,0.0,0.0,0.0,24.938735,0.0,11.75,0.0,0.0,0.0,19.950988,234.5,0.0,92.79411406,0.0,0.0,14.963241,0.0,19.950988,9.26,14.719999999999999,0.0,0.0,7.8,0.0,18.33267717,3.2,0.0,311.5,0.0,0.0,0.0,0.0,254.8,0.0,14.963240999999908,0.0,290.0,0.0,311.5,0.0,0.0,0.0,0.0,5.0,0.0,299.4,14.963241,311.5,290.0,0.0,12.0,0.0,0.0,0.0,0.0,0.0,0.0,0.0,0.0,0.0,0.0,0.0,0.0,0.0,0.0,2.026529999999994,0.0,249.40496,0.0,0.0,0.0,0.0,0.0,0.0,0.0,0.0,0.0,0.0,0.0,0.0,0.0,0.0,0.0,0.0
2030-01-05T04:00:00.0,0.0,0.0,0.0,0.0,0.0,0.0,0.0,0.0,0.0,0.0,5.999999999999773,0.0,0.0,0.0,14.963241,14.963241,240.5,311.5,0.0,0.0,0.0,0.0,24.938735,0.0,11.75,0.0,0.0,0.0,19.950988,234.5,0.0,92.79411406,0.0,0.0,14.963241,0.0,19.950988,9.26,14.719999999999999,0.0,0.0,7.8,0.0,18.33267717,3.2,0.0,311.5,0.0,0.0,0.0,0.0,254.8,0.0,14.963241,0.0,290.0,0.0,311.5,0.0,0.0,0.0,0.0,5.0,0.0,299.4,14.963241,311.5,290.0,0.0,12.0,0.0,0.0,0.0,0.0,0.0,0.0,0.0,0.0,0.0,0.0,0.0,0.0,0.0,0.0,0.0,0.0,349.03176,0.0,0.0,0.0,0.0,0.0,0.0,0.0,0.0,0.0,0.0,0.0,0.0,0.0,0.0,0.0,0.0
2030-01-05T05:00:00.0,0.0,0.0,0.0,0.0,0.0,0.0,0.0,0.0,0.0,0.0,5.999999999999659,0.0,0.0,0.0,14.963241,14.963241,240.5,311.5,0.0,0.0,0.0,0.0,24.938735,0.0,11.75,0.0,0.0,0.0,19.950988,234.5,0.0,92.79411406,0.0,0.0,14.963241,0.0,19.950988,9.26,14.719999999999999,0.0,0.0,7.8,0.0,18.332677169999997,3.2,0.0,311.5,0.0,0.0,0.0,0.0,254.8,0.0,14.963241,0.0,290.0,0.0,311.5,0.0,0.0,0.0,0.0,5.0,0.0,299.4,14.963241,311.5,290.0,0.0,12.0,0.0,0.0,0.0,0.0,0.0,0.0,0.0,0.0,0.0,0.0,0.0,0.0,0.0,0.0,0.29145600000000005,0.0,399.25928,0.0,0.0,0.0,0.0,0.0,0.0,0.0,0.0,0.0,0.0,0.0,0.0,0.0,0.0,0.0,0.0
2030-01-05T06:00:00.0,0.0,0.0,0.0,0.0,0.0,0.0,0.0,0.0,0.0,0.0,5.999999999999432,0.0,0.0,0.0,14.963241,14.963241,279.0,311.5,0.0,0.0,0.0,0.0,24.938735,0.0,11.75,0.0,0.0,0.0,19.950988,234.5,0.0,92.79411406,0.0,0.0,14.963241,0.0,19.950988,9.26,14.719999999999999,0.0,0.0,7.8,0.0,18.33267717,3.2,0.0,311.5,0.0,0.0,0.0,0.0,254.8,0.0,14.963241,0.0,290.0,0.0,311.5,0.0,0.0,0.0,0.0,5.0,0.0,299.4,14.963241,311.5,290.0,0.0,12.0,0.0,0.0,0.0,0.0,0.0,0.0,0.0,0.0,0.0,0.0,0.0,0.0,0.0,0.0,0.8971380000000002,0.0,385.90272,0.0,0.0,0.0,0.0,0.0,0.0,0.0,0.0,0.0,0.0,0.0,0.0,0.0,0.0,0.0,0.0
2030-01-05T07:00:00.0,0.0,0.0,0.0,0.0,0.0,0.0,0.0,0.0,0.0,0.0,5.999999999999545,0.0,0.0,0.0,14.963241,14.963241,240.5,272.7,0.0,0.0,0.0,0.0,24.938735,0.0,11.75,0.0,0.0,0.0,19.950988,200.0,0.0,92.79411405999998,0.0,0.0,14.963241,0.0,19.950988,9.26,14.719999999999999,0.0,0.0,7.8,0.0,18.33267717,3.2,0.0,272.7,0.0,0.0,0.0,0.0,214.54779977000084,0.0,14.963241,0.0,290.0,0.0,272.7,0.0,0.0,0.0,0.0,5.0,0.0,254.8,14.963241,272.7,290.0,0.0,12.0,0.0,3.891825,44.704,11.567499999999999,43.818000000000005,20.87,22.862,0.0,32.863499999999995,18.074409999999997,4.61166,23.298,0.0,4.3124,7.471596000000001,5.7905,186.01128,52.02599999999999,5.7775,140.7084,0.9349999999999774,3.024,11.0875,67.06800000000001,5.9874,3.7200000000000015,19.747999999999998,9.3574,0.509925,117.25699999999999,29.34409699999999,67.0266,59.005000000000024
2030-01-05T08:00:00.0,0.0,0.0,0.0,0.0,0.0,0.0,0.0,0.0,0.0,0.0,0.0,0.0,0.0,0.0,14.963241,14.963241,0.0,117.5,0.0,0.0,0.0,0.0,24.938735,0.0,11.75,0.0,0.0,0.0,19.950988,0.0,0.0,92.79411405999998,0.0,0.0,14.963241,0.0,19.950988,9.26,14.719999999999999,0.0,0.0,7.8,0.0,18.33267717,1.28,0.0,117.5,0.0,0.0,0.0,0.0,121.0,0.0,14.963241,0.0,0.0,0.0,117.5,0.0,0.0,0.0,0.0,5.0,0.0,121.0,14.963241,117.5,0.0,0.0,4.8,0.0,11.736550000000001,134.35399999999998,34.85999999999999,136.01600000000002,64.984,68.538,87.19200000000001,102.01199999999999,56.25827,46.995299999999986,70.291,43.615,13.375,20.75106,17.424,142.20024,149.17499999999998,17.437,586.6476000000001,16.881,9.395999999999999,33.324999999999996,279.5,19.575,11.767600000000002,136.28,27.389439999999997,7.43613,488.8730000000001,88.538775,470.42129999999986,176.77499999999998
2030-01-05T09:00:00.0,0.0,0.0,0.0,0.0,0.0,0.0,0.0,0.0,0.0,0.0,0.0,0.0,0.0,0.0,14.963241,14.963241,0.0,117.5,0.0,0.0,0.0,0.0,24.938735,0.0,11.75,0.0,0.0,0.0,19.950988,0.0,0.0,92.79411406,0.0,0.0,14.963241,0.0,19.950988,9.26,14.719999999999999,0.0,0.0,7.8,0.0,18.332677169999982,1.28,0.0,117.5,0.0,0.0,0.0,0.0,121.0,0.0,14.963241,0.0,0.0,0.0,117.5,0.0,0.0,0.0,0.0,5.0,0.0,121.0,14.963241,117.5,0.0,0.0,4.8,0.0,15.469825,141.85,36.851,146.19,69.921,90.3,140.83,109.6425,0.0,56.32273714039695,74.317,69.901,14.337600000000002,28.289448,0.0,185.72568,213.72599999999997,18.44575,660.2484000000001,0.0,10.092,35.1875,314.528,26.162399999999977,16.492,146.34199999999998,38.24808,0.0,550.2070000000001,93.61768400000003,504.6453,186.32000000000002
2030-01-05T10:00:00.0,0.0,0.0,0.0,0.0,0.0,0.0,0.0,0.0,0.0,0.0,0.0,0.0,0.0,0.0,14.963241,14.963241,0.0,117.5,0.0,0.0,0.0,0.0,24.938735,0.0,11.75,0.0,0.0,0.0,19.950988,0.0,0.0,92.79411406,0.0,0.0,14.963241,0.0,19.950988,9.26,14.719999999999999,0.0,0.0,7.8,0.0,18.33267717,1.2800000000000002,0.0,117.5,0.0,0.0,0.0,0.0,121.0,0.0,14.963241,0.0,0.0,0.0,117.5,0.0,0.0,0.0,0.0,5.0,0.0,121.0,14.963241,117.5,0.0,0.0,4.8,0.0,17.4951,131.41799999999998,34.1395,134.90600000000003,64.54100000000005,100.0,130.936,101.1795,55.87986,49.42856814039679,68.878,65.728,13.212399999999999,36.690059999999995,0.0,147.39816,253.31699999999995,17.096249999999998,610.8228000000001,0.0,9.36,0.0,290.976,30.0,19.64159999999994,135.058,45.09232,0.0,509.01900000000006,86.75968600000002,465.9846000000001,172.5525
2030-01-05T11:00:00.0,0.0,0.0,0.0,0.0,0.0,0.0,0.0,0.0,0.0,0.0,0.0,0.0,0.0,0.0,14.963241,14.963241,0.0,117.5,0.0,0.0,0.0,0.0,24.938735,0.0,11.75,0.0,0.0,0.0,19.950988,0.0,0.0,92.79411406,0.0,0.0,14.963241,0.0,19.950988,9.26,14.719999999999999,0.0,0.0,7.8,0.0,18.33267717,1.2800000000000002,0.0,117.5,0.0,0.0,0.0,0.0,121.0,0.0,14.963241,0.0,0.0,0.0,117.5,0.0,0.0,0.0,0.0,5.0,0.0,121.0,14.963241,117.5,0.0,0.0,4.8,0.0,17.4951,123.24,31.990999999999996,127.33200000000001,60.918000000000006,100.0,114.73799999999999,95.49899999999998,52.75146,53.64413,64.614,58.26600000000001,12.3374,59.891172000000005,15.995999999999999,125.55928,269.7,16.03525,568.3776,36.7375,8.82,30.562499999999996,270.76,30.0,20.0012,127.57,48.08128,16.738799999999884,473.6480000000001,81.394281,439.15049999999997,161.98999999999967
2030-01-05T12:00:00.0,0.0,0.0,0.0,0.0,0.0,0.0,0.0,0.0,0.0,0.0,0.0,0.0,0.0,0.0,14.963241,14.963241,0.0,117.5,0.0,0.0,0.0,0.0,24.938735,0.0,11.75,0.0,0.0,0.0,19.950988,0.0,0.0,92.79411406,0.0,0.0,14.963241,0.0,19.950988,9.26,14.719999999999999,0.0,0.0,7.8,0.0,18.33267717,1.28,0.0,117.5,0.0,0.0,0.0,0.0,121.0,0.0,14.963241,0.0,0.0,0.0,117.5,0.0,0.0,0.0,0.0,5.0,0.0,121.0,14.963241,117.5,0.0,0.0,4.8,0.0,17.4951,127.096,33.06499999999999,130.50400000000002,62.453,100.0,113.43799999999999,97.87799999999999,54.0834,56.56,66.621,57.21300000000001,12.65,59.01225,16.533,112.35504,265.275,16.533,581.3052000000001,36.848,9.036000000000001,31.525,276.908,30.0,20.0012,130.68999999999994,47.105239999999995,16.7388,484.42100000000005,83.91519000000001,451.0116,167.2575
2030-01-05T13:00:00.0,0.0,0.0,0.0,0.0,0.0,0.0,0.0,0.0,0.0,0.0,0.0,0.0,0.0,0.0,14.963241,14.963241,0.0,117.5,0.0,0.0,0.0,0.0,24.938735,0.0,11.75,0.0,0.0,0.0,19.950988,0.0,0.0,92.79411405999998,0.0,0.0,14.963241,0.0,19.950988,9.26,14.719999999999999,0.0,0.0,7.8,0.0,18.33267717,1.28,0.0,117.5,0.0,0.0,0.0,0.0,121.0,0.0,14.963241,0.0,0.0,0.0,117.5,0.0,0.0,0.0,0.0,5.0,0.0,121.0,14.963241,117.5,0.0,0.0,4.8,0.0,16.702175,137.554,35.776999999999994,141.56200000000004,67.769,97.438,128.336,106.17150000000001,58.68278000000001,64.62384,72.02,0.0,13.75,57.50639400000001,17.895500000000002,47.47624,235.953,17.86925,632.0412,33.9835,4.632000000000001,0.0,301.072,28.5249,19.964000000000002,141.662,42.82304,1.9909700000005408,526.7010000000002,90.72202799999998,489.05820000000006,180.9075
2030-01-05T14:00:00.0,0.0,0.0,0.0,0.0,0.0,0.0,0.0,0.0,0.0,0.0,0.0,0.0,0.0,0.0,14.963241,14.963241,0.0,117.5,0.0,0.0,0.0,0.0,24.938735,0.0,11.75,0.0,0.0,0.0,19.950988,0.0,0.0,92.79411406,0.0,0.0,14.963241,0.0,19.950988,9.26,14.719999999999999,0.0,0.0,7.8,0.0,18.332677169999897,1.28,0.0,117.5,0.0,0.0,0.0,0.0,121.0,0.0,14.963241,0.0,0.0,0.0,117.5,0.0,0.0,0.0,0.0,5.0,0.0,121.0,14.963241,117.5,0.0,0.0,4.8,0.0,13.859474999999998,142.078,36.8775,145.808,69.826,79.9,138.776,109.35599999999998,60.45790999999999,67.85684999999998,74.409,68.78300000000013,14.375,49.038990000000005,18.44575,19.96344000000005,183.63299999999998,18.45875,657.9720000000001,27.999499999999934,10.104,35.2375,313.416,23.174999999999997,16.975600000000004,145.9,34.13644000000001,13.11765,548.3100000000001,93.72256199999998,503.7276,186.7025
2030-01-05T15:00:00.0,0.0,0.0,0.0,0.0,0.0,0.0,0.0,0.0,0.0,0.0,6.0,0.0,0.0,0.0,14.963241,14.963241,0.0,156.3,0.0,0.0,0.0,0.0,24.938734999999948,0.0,11.75,0.0,0.0,0.0,19.950988,0.0,0.0,92.79411406,0.0,0.0,14.963241,0.0,19.950988,9.26,14.719999999999999,0.0,0.0,7.8,0.0,18.332677169999897,3.2,0.0,156.3,0.0,0.0,0.0,0.0,121.0,0.0,14.963241,0.0,0.0,0.0,156.3,0.0,0.0,0.0,0.0,5.0,0.0,148.14031576999946,14.963241,156.3,0.0,0.0,12.0,0.0,8.149750000000001,90.67,23.514999999999997,90.62000000000002,43.307,47.888,94.836,67.965,37.49103,38.66178999999999,47.652,50.29700000000001,9.0376,53.21804400000008,11.75125,4.87424,103.61399999999999,11.83,419.59680000000014,18.334500000000002,6.3839999999999995,22.4875,199.9,12.8874,8.940400000000002,90.20800000000008,20.899320000000003,7.884825000000001,349.6640000000001,60.026028000000004,310.638,119.65749999999997
2030-01-05T16:00:00.0,0.0,0.0,0.0,0.0,0.0,0.0,0.0,0.0,0.0,0.0,5.999999999999773,0.0,0.0,0.0,14.963241,14.963241,317.5,311.5,0.0,0.0,0.0,0.0,24.938735,0.0,11.75,0.0,0.0,0.0,19.950988,269.0,0.0,92.79411406,0.0,0.0,14.963241,0.0,19.950988,9.26,14.719999999999999,0.0,0.0,7.8,0.0,18.33267717,3.2,0.0,311.5,0.0,0.0,0.0,0.0,299.4,0.0,14.963241,0.0,290.0,0.0,311.5,0.0,0.0,0.0,0.0,5.0,0.0,308.5,14.963241,311.5,290.0,0.0,12.0,0.0,0.427,4.044,1.0219999999999998,3.432000000000001,1.646,2.612,1.6260000000000001,2.574,1.41805,0.0,2.191,5.460000000000001,0.3876000000000017,13.504127999999998,0.511,1.1995200000000001,0.0,0.53725,14.212800000000003,1.9975,0.264,1.0,6.772,0.4749,0.37200000000000005,3.186,1.29324,0.8057399999999997,11.844000000000003,2.753687,0.0,5.61
2030-01-05T17:00:00.0,0.0,0.0,0.0,0.0,0.0,0.0,0.0,0.0,0.0,0.0,6.0,0.0,0.0,0.0,14.963241,14.963241,317.5,311.5,0.0,0.0,0.0,0.0,24.938735,0.0,11.75,0.0,0.0,0.0,19.950988,269.0,0.0,92.79411405999998,0.0,0.0,14.963241,0.0,19.950988,9.259999999999998,14.719999999999999,0.0,0.0,7.8,0.0,18.33267717,3.2,0.0,311.5,0.0,0.0,0.0,0.0,299.4,0.0,14.963241,0.0,290.0,0.0,311.5,0.0,0.0,0.0,0.0,5.0,0.0,308.5,14.963241,311.5,290.0,0.0,12.0,0.0,0.0,0.0,0.0,0.0,0.0,0.0,0.0,0.0,0.0,0.0,0.0,0.0,0.0,10.556172000000002,0.0,7.930160000000001,0.0,0.0,0.0,0.0,0.0,0.0,0.0,0.0,0.0,0.0,0.0,0.0,0.0,0.0,0.0,0.0
2030-01-05T18:00:00.0,0.0,0.0,0.0,0.0,0.0,0.0,0.0,0.0,0.0,0.0,5.999999999999773,0.0,0.0,0.0,14.963241,14.963241,317.5,311.5,0.0,0.0,0.0,0.0,24.938735,0.0,11.75,0.0,0.0,0.0,19.950988,269.0,0.0,92.79411406,0.0,0.0,14.963241,0.0,19.950988,9.26,14.719999999999999,0.0,0.0,7.8,0.0,18.33267717,3.2,0.0,311.5,0.0,0.0,0.0,0.0,299.4,0.0,14.963241,0.0,290.0,0.0,311.5,0.0,0.0,0.0,0.0,5.0,0.0,308.5,14.963241,311.5,290.0,0.0,12.0,0.0,0.0,0.0,0.0,0.0,0.0,0.0,0.0,0.0,0.0,0.0,0.0,0.0,0.0,3.7737480000000008,0.0,16.35536,0.0,0.0,0.0,0.0,0.0,0.0,0.0,0.0,0.0,0.0,0.0,0.0,0.0,0.0,0.0,0.0
2030-01-05T19:00:00.0,0.0,0.0,0.0,0.0,0.0,0.0,0.0,0.0,0.0,0.0,6.0,0.0,0.0,0.0,14.963241,14.963241,317.5,311.5,0.0,0.0,0.0,0.0,24.938735,0.0,11.75,0.0,0.0,0.0,19.950988,269.0,0.0,92.79411406,0.0,0.0,14.963241,0.0,19.95098799999999,9.26,14.719999999999999,0.0,0.0,7.8,0.0,18.33267717,3.2,0.0,311.5,0.0,0.0,0.0,0.0,299.4,0.0,14.963241,0.0,290.0,0.0,311.5,0.0,0.0,0.0,0.0,5.0,0.0,308.5,14.963241,311.5,290.0,0.0,12.0,0.0,0.0,0.0,0.0,0.0,0.0,0.0,0.0,0.0,0.0,0.0,0.0,0.0,0.0,4.7756279999999975,0.0,9.96744,0.0,0.0,0.0,0.0,0.0,0.0,0.0,0.0,0.0,0.0,0.0,0.0,0.0,0.0,0.0,0.0
2030-01-05T20:00:00.0,0.0,0.0,0.0,0.0,0.0,0.0,0.0,0.0,0.0,0.0,5.999999999999886,0.0,0.0,0.0,14.963241,14.963241,317.5,311.5,0.0,0.0,0.0,0.0,24.938735,0.0,11.75,0.0,0.0,0.0,19.950988,269.0,0.0,92.79411406,0.0,0.0,14.963241,0.0,19.950988,9.26,14.719999999999999,0.0,0.0,7.8,0.0,18.33267717,3.2,0.0,311.5,0.0,0.0,0.0,0.0,299.4,0.0,14.963241,0.0,290.0,0.0,311.5,0.0,0.0,0.0,0.0,5.0,0.0,308.5,14.963241,311.5,290.0,0.0,12.0,0.0,0.0,0.0,0.0,0.0,0.0,0.0,0.0,0.0,0.0,0.0,0.0,0.0,0.0,7.9907520000000005,0.0,6.178479999999999,0.0,0.0,0.0,0.0,0.0,0.0,0.0,0.0,0.0,0.0,0.0,0.0,0.0,0.0,0.0,0.0
2030-01-05T21:00:00.0,0.0,0.0,0.0,0.0,0.0,0.0,0.0,0.0,0.0,0.0,6.0,0.0,0.0,0.0,14.96324099999999,14.963241,317.2802208108815,311.5,0.0,0.0,0.0,0.0,24.938735,0.0,11.75,0.0,0.0,0.0,19.950988,269.0,0.0,92.79411406,0.0,0.0,14.963241,0.0,19.950988,9.26,14.719999999999999,0.0,0.0,7.8,0.0,18.33267717,3.2,0.0,311.5,0.0,0.0,0.0,0.0,299.4,0.0,14.963241,0.0,290.0,0.0,311.5,0.0,0.0,0.0,0.0,5.0,0.0,308.5,14.963241,311.5,290.0,0.0,12.0,0.0,0.0,0.0,0.0,0.0,0.0,0.0,0.0,0.0,0.0,0.0,0.0,0.0,0.0,21.531312,0.0,1.98968,0.0,0.0,0.0,0.0,0.0,0.0,0.0,0.0,0.0,0.0,0.0,0.0,0.0,0.0,0.0,0.0
2030-01-05T22:00:00.0,0.0,0.0,0.0,0.0,0.0,0.0,0.0,0.0,0.0,0.0,6.0,0.0,0.0,0.0,14.963241,14.963241,288.6729368108811,311.5,0.0,0.0,0.0,0.0,24.938735,0.0,11.75,0.0,0.0,0.0,19.950988,269.0,0.0,92.79411406,0.0,0.0,14.963241,0.0,19.950988,9.26,14.719999999999999,0.0,0.0,7.8,0.0,18.332677169999982,3.2,0.0,311.5,0.0,0.0,0.0,0.0,299.4,0.0,14.963241,0.0,290.0,0.0,311.5,0.0,0.0,0.0,0.0,5.0,0.0,308.5,14.963241,311.5,290.0,0.0,12.0,0.0,0.0,0.0,0.0,0.0,0.0,0.0,0.0,0.0,0.0,0.0,0.0,0.0,0.0,26.507316000000003,0.0,8.31096,0.0,0.0,0.0,0.0,0.0,0.0,0.0,0.0,0.0,0.0,0.0,0.0,0.0,0.0,0.0,0.0
2030-01-05T23:00:00.0,0.0,0.0,0.0,0.0,0.0,0.0,0.0,0.0,0.0,0.0,6.0,0.0,0.0,0.0,14.963241,14.963241,279.0,311.5,0.0,0.0,0.0,0.0,24.938735,0.0,11.75,0.0,0.0,0.0,19.950988,269.0,0.0,92.79411406,0.0,0.0,14.963241,0.0,19.950988,9.26,14.719999999999999,0.0,0.0,7.8,0.0,18.33267717,3.2,0.0,311.5,0.0,0.0,0.0,0.0,299.4,0.0,14.963241,0.0,290.0,0.0,311.5,0.0,0.0,0.0,0.0,5.0,0.0,308.5,14.963241,311.5,290.0,0.0,12.0,0.0,0.0,0.0,0.0,0.0,0.0,0.0,0.0,0.0,0.0,0.0,0.0,0.0,0.0,48.641274,0.0,10.06264,0.0,0.0,0.0,0.0,0.0,0.0,0.0,0.0,0.0,0.0,0.0,0.0,0.0,0.0,0.0,0.0
