DateTime,Clark 17,Clark Mt. 3,Clark 14,LV Gen 3_A,Clark 13,Sun Peak 3,Clark 18,"Clark 5, 6, 10_A",LV Gen 2_B,LV Gen 2_A,Goodsprings,"Clark 7, 8, 9_A",Jersey Valley Geothermal,Pinto,"Tracy 8, 9, 10_B",Lone Mountain,"Tracy 8, 9, 10_A",Chuck Lenzi 2_B,"Clark 7, 8, 9_B",Silverhawk 4,Liberty (Cal Peco),North Valley Geothermal,Clark 19,Clark 21,USG San Emidio Geothermal,Valmy 2,Clark Mt. 4,"Clark 5, 6, 10_B",North Valley Eavor Loop,Silverhawk CC_A,Valmy CT 3,McGinness Hills Geothermal,Clark 12,Sun Peak 5,Galena 1,Clark 4,Ormat Western Geothermal,Burdette Geothermal Power Plant,Beowawe Geothermal Power Plant,Harry Allen 3,Sun Peak 4,Galena 3 Geothermal Power Plant,Ft. Churchill 1,Tuscarora Geothermal,Lockwood Renewable Energy Facility,LV Gen 1,Chuck Lenzi 1_A,Clark 11,Clark 22,Valmy CT 4,Valmy 1,Walt Higgings CC_B,Harry Allen 4,Gerlach,Silverhawk 3,Harry Allen CC_A,Clark 20,Chuck Lenzi 2_A,Ft. Churchill 2,Tracy 4&5 CC,Tracy 3,LV Gen 3_B,Desert Peak 2 Geothermal Power,Silverhawk CC_B,Walt Higgings CC_A,North Valley 2,Chuck Lenzi 1_B,Harry Allen CC_B,Clark 16,Apex Landfill Facility,Clark 15,ACE Searchlight Solar,Techren Solar 2,Techren Solar V,Dry Lake East Solar,Southern Purchases (NVP),Switch Station 1 (Playa Solar 1),Boulder Solar I,Dodge Flat Solar,Switch Station 2 (Playa Solar 2),Dry Lake Solar,Battle Mountain Solar,_NVE IRP Expansion_SPPC_PV (Standalone),Spring Valley Wind,Eagle Shadow Mountain Solar Farm,Nellis Solar Array II,Fish Springs Ranch Solar,Idaho Wind,Techren Solar IV,Turquoise Nevada,Techren Solar III,Techren Solar I,Mountain View Solar,Northern Purchases (Sierra),Boulder Solar II,FRV Spectrum Solar,Sierra Solar,RV Apex Solar,Arrow Canyon Solar,Silver State Solar,Ft. Churchill Solar,Libra Solar,Boulder Solar III,Gemini Solar,Copper Mountain Solar 5,Hoover Dam (NV)
2030-01-01T00:00:00.0,1454.820401546409,0.0,1454.820401546409,0.0,1454.820401546409,0.0,1454.820401546409,0.0,0.0,0.0,75.0,0.0,0.0,0.0,0.0,0.0,0.0,8625.492462263797,0.0,0.0,0.0,0.0,1462.1501550047292,1457.7604707206735,0.0,0.0,3370.885273676277,0.0,0.0,0.0,0.0,0.0,1721.0229603689165,0.0,0.0,1214.7397426127682,0.0,0.0,0.0,3.8756467028442634e-10,0.0,0.0,0.0,0.0,32.0,0.0,8667.745914813357,1496.6703051256106,1454.820401546409,0.0,0.0,0.0,3461.8625380962903,0.0,0.0,7750.189610039326,1438.626008446216,8672.956025626336,0.0,0.0,0.0,0.0,0.0,0.0,9870.798639420047,0.0,8600.287890477888,7751.983108660329,1393.7616242871893,120.0,1454.820401546409,0.0,0.0,0.0,0.0,0.0,0.0,0.0,0.0,0.0,0.0,0.0,0.0,0.0,0.0,0.0,0.0,0.0,0.0,0.0,0.0,0.0,0.0,0.0,0.0,0.0,0.0,0.0,0.0,0.0,0.0,0.0,0.0,0.0,0.0,0.0
2030-01-01T01:00:00.0,0.0,0.0,1454.820401546409,0.0,1454.820401546409,0.0,1454.820401546409,0.0,0.0,0.0,75.0,0.0,0.0,0.0,0.0,0.0,0.0,8625.492462263797,0.0,0.0,0.0,0.0,0.0,0.0,0.0,0.0,0.0,0.0,0.0,0.0,0.0,0.0,1534.458097058816,0.0,0.0,1116.997924089586,0.0,0.0,0.0,4.470353282771618e-10,0.0,0.0,0.0,0.0,32.0,0.0,8667.745914813357,0.0,1454.820401546409,0.0,0.0,0.0,3461.8625380962903,0.0,0.0,7750.189610039326,1438.626008446216,8672.956025626336,0.0,0.0,0.0,0.0,0.0,0.0,9870.798639420047,0.0,8600.287890477888,7751.983108660329,1393.7616242871893,120.0,1454.820401546409,0.0,0.0,0.0,0.0,0.0,0.0,0.0,0.0,0.0,0.0,0.0,0.0,0.0,0.0,0.0,0.0,0.0,0.0,0.0,0.0,0.0,0.0,0.0,0.0,0.0,0.0,0.0,0.0,0.0,0.0,0.0,0.0,0.0,0.0,0.0
2030-01-01T02:00:00.0,1454.820401546409,0.0,1454.820401546409,0.0,1454.820401546409,0.0,0.0,0.0,0.0,0.0,75.0,0.0,0.0,0.0,0.0,0.0,0.0,8625.492462263797,0.0,0.0,0.0,0.0,0.0,0.0,0.0,0.0,0.0,0.0,0.0,0.0,0.0,0.0,1534.774815799975,0.0,0.0,1116.997924089586,0.0,0.0,0.0,4.470353282771618e-10,0.0,0.0,0.0,0.0,32.0,0.0,8667.745914813357,0.0,1454.820401546409,0.0,0.0,0.0,3461.8625380962903,0.0,0.0,7750.189610039326,1438.626008446216,8672.956025626336,0.0,0.0,0.0,0.0,0.0,0.0,9870.798639420047,0.0,8600.287890477888,7751.983108660329,1393.7616242871893,120.0,1454.820401546409,0.0,0.0,0.0,0.0,0.0,0.0,0.0,0.0,0.0,0.0,0.0,0.0,0.0,0.0,0.0,0.0,0.0,0.0,0.0,0.0,0.0,0.0,0.0,0.0,0.0,0.0,0.0,0.0,0.0,0.0,0.0,0.0,0.0,0.0,0.0
2030-01-01T03:00:00.0,1454.820401546409,3296.377070378228,1454.820401546409,0.0,1454.820401546409,0.0,1454.820401546409,0.0,0.0,0.0,75.0,0.0,0.0,0.0,0.0,0.0,0.0,8625.492462263797,0.0,0.0,0.0,0.0,1462.1501550047292,1457.7604707206735,0.0,0.0,3370.885273676277,0.0,0.0,0.0,0.0,0.0,1718.5167167217219,0.0,0.0,1187.8516408515613,0.0,0.0,0.0,3.8633642763965884e-10,0.0,0.0,0.0,0.0,32.0,0.0,8667.745914813357,1496.6703051256106,1454.820401546409,0.0,0.0,0.0,3461.8625380962903,0.0,0.0,7750.189610039326,1438.626008446216,8672.956025626336,0.0,0.0,0.0,0.0,0.0,0.0,9870.798639420047,0.0,8600.287890477888,7751.983108660329,1393.7616242871893,120.0,1454.820401546409,0.0,0.0,0.0,0.0,0.0,0.0,0.0,0.0,0.0,0.0,0.0,0.0,0.0,0.0,0.0,0.0,0.0,0.0,0.0,0.0,0.0,0.0,0.0,0.0,0.0,0.0,0.0,0.0,0.0,0.0,0.0,0.0,0.0,0.0,0.0
2030-01-01T04:00:00.0,1454.820401546409,0.0,1454.820401546409,0.0,1454.820401546409,0.0,1454.820401546409,0.0,0.0,0.0,75.0,0.0,0.0,0.0,0.0,0.0,0.0,8625.492462263797,0.0,0.0,0.0,0.0,1462.1501550047292,1457.7604707206735,0.0,0.0,3370.885273676277,0.0,0.0,0.0,0.0,0.0,1761.5672144821713,0.0,0.0,1253.20025002899,0.0,0.0,0.0,3.8633642763965884e-10,0.0,0.0,0.0,0.0,32.0,0.0,8667.745914813357,1496.6703051256106,1454.820401546409,0.0,0.0,0.0,3461.8625380962903,0.0,0.0,7750.189610039326,1438.626008446216,8672.956025626336,0.0,0.0,0.0,0.0,0.0,0.0,9870.798639420047,0.0,8600.287890477888,7751.983108660329,1393.7616242871893,120.0,1454.820401546409,0.0,0.0,0.0,0.0,0.0,0.0,0.0,0.0,0.0,0.0,0.0,0.0,0.0,0.0,0.0,0.0,0.0,0.0,0.0,0.0,0.0,0.0,0.0,0.0,0.0,0.0,0.0,0.0,0.0,0.0,0.0,0.0,0.0,0.0,0.0
2030-01-01T05:00:00.0,1454.820401546409,3296.377070378228,1454.820401546409,0.0,1454.820401546409,0.0,1454.820401546409,0.0,0.0,0.0,75.0,0.0,0.0,0.0,0.0,0.0,0.0,8625.492462263797,0.0,0.0,0.0,0.0,1462.1501550047292,1457.7604707206735,0.0,0.0,3370.885273676277,0.0,0.0,0.0,0.0,0.0,1771.9739560516782,0.0,0.0,1206.9932260820906,0.0,0.0,0.0,3.8633642763965884e-10,0.0,0.0,0.0,0.0,32.0,0.0,8667.745914813357,1496.6703051256106,1454.820401546409,0.0,0.0,0.0,3461.8625380962903,0.0,0.0,7750.189610039326,1438.626008446216,8672.956025626336,0.0,0.0,0.0,0.0,0.0,0.0,9870.798639420047,0.0,8600.287890477888,7751.983108660329,1393.7616242871893,120.0,1454.820401546409,0.0,0.0,0.0,0.0,0.0,0.0,0.0,0.0,0.0,0.0,0.0,0.0,0.0,0.0,0.0,0.0,0.0,0.0,0.0,0.0,0.0,0.0,0.0,0.0,0.0,0.0,0.0,0.0,0.0,0.0,0.0,0.0,0.0,0.0,0.0
2030-01-01T06:00:00.0,1454.820401546409,0.0,1454.820401546409,0.0,1454.820401546409,0.0,1454.820401546409,0.0,0.0,0.0,75.0,0.0,0.0,0.0,0.0,0.0,0.0,8625.492462263797,0.0,0.0,0.0,0.0,1462.1501550047292,1457.7604707206735,0.0,0.0,3370.885273676277,0.0,0.0,0.0,0.0,0.0,1718.5167167217219,0.0,0.0,1187.8516408515613,0.0,0.0,0.0,3.8633642763965884e-10,0.0,0.0,0.0,0.0,32.0,0.0,8667.745914813357,1496.6703051256106,1454.820401546409,0.0,0.0,0.0,3461.8625380962903,0.0,0.0,7750.189610039326,1438.626008446216,8672.956025626336,0.0,0.0,0.0,0.0,0.0,0.0,9870.798639420047,0.0,8600.287890477888,7751.983108660329,1393.7616242871893,120.0,1454.820401546409,0.0,0.0,0.0,0.0,0.0,0.0,0.0,0.0,0.0,0.0,0.0,0.0,0.0,0.0,0.0,0.0,0.0,0.0,0.0,0.0,0.0,0.0,0.0,0.0,0.0,0.0,0.0,0.0,0.0,0.0,0.0,0.0,0.0,0.0,0.0
2030-01-01T07:00:00.0,1454.820401546409,0.0,1454.820401546409,0.0,1454.820401546409,0.0,1454.820401546409,0.0,0.0,0.0,75.0,0.0,0.0,0.0,0.0,0.0,0.0,8625.492462263797,0.0,0.0,0.0,0.0,0.0,0.0,0.0,0.0,0.0,0.0,0.0,0.0,0.0,0.0,1771.9739560516787,0.0,0.0,1253.200250028989,0.0,0.0,0.0,3.8633642763965884e-10,0.0,0.0,0.0,0.0,32.0,0.0,8667.745914813357,0.0,1454.820401546409,0.0,0.0,0.0,3461.8625380962903,0.0,0.0,7750.189610039326,1438.626008446216,8672.956025626336,0.0,0.0,0.0,0.0,0.0,0.0,9870.798639420047,0.0,8600.287890477888,7751.983108660329,1393.7616242871893,120.0,1454.820401546409,0.0,0.0,0.0,0.0,0.0,0.0,0.0,0.0,0.0,0.0,0.0,0.0,0.0,0.0,0.0,0.0,0.0,0.0,0.0,0.0,0.0,0.0,0.0,0.0,0.0,0.0,0.0,0.0,0.0,0.0,0.0,0.0,0.0,0.0,0.0
2030-01-01T08:00:00.0,0.0,0.0,0.0,0.0,0.0,0.0,0.0,0.0,0.0,0.0,75.0,0.0,0.0,0.0,6.440449616273519e-11,0.0,0.0,0.0,0.0,0.0,0.0,0.0,0.0,0.0,0.0,0.0,0.0,0.0,0.0,0.0,0.0,0.0,0.0,0.0,0.0,0.0,0.0,0.0,0.0,-7.988858342088257e-10,0.0,0.0,0.0,0.0,32.0,0.0,-3.8091344553032565e-12,0.0,0.0,0.0,0.0,0.0,0.0,0.0,0.0,7750.189610039326,0.0,8672.956025626336,0.0,0.0,0.0,0.0,0.0,0.0,9870.798639420047,0.0,8600.287890477888,0.0,0.0,120.0,0.0,0.0,0.0,0.0,0.0,0.0,0.0,0.0,0.0,0.0,0.0,0.0,0.0,0.0,0.0,0.0,0.0,0.0,0.0,0.0,0.0,0.0,0.0,0.0,0.0,0.0,0.0,0.0,0.0,0.0,0.0,0.0,0.0,0.0,0.0,0.0
2030-01-01T09:00:00.0,0.0,0.0,0.0,0.0,0.0,0.0,0.0,0.0,0.0,0.0,75.0,0.0,0.0,0.0,0.0,0.0,0.0,0.0,0.0,0.0,0.0,0.0,0.0,0.0,0.0,0.0,0.0,0.0,0.0,0.0,0.0,0.0,0.0,0.0,0.0,0.0,0.0,0.0,0.0,-7.988858342088257e-10,0.0,0.0,0.0,0.0,32.0,0.0,0.0,0.0,0.0,0.0,0.0,0.0,0.0,0.0,0.0,0.0,0.0,8672.956025626336,0.0,0.0,0.0,0.0,0.0,0.0,9870.798639420047,0.0,8600.287890477888,0.0,0.0,120.0,0.0,0.0,0.0,0.0,0.0,0.0,0.0,0.0,0.0,0.0,0.0,0.0,0.0,0.0,0.0,0.0,0.0,0.0,0.0,0.0,0.0,0.0,0.0,0.0,0.0,0.0,0.0,0.0,0.0,0.0,0.0,0.0,0.0,0.0,0.0,0.0
2030-01-01T10:00:00.0,0.0,0.0,0.0,0.0,0.0,0.0,0.0,0.0,0.0,0.0,75.0,0.0,0.0,0.0,0.0,0.0,9247.028687180447,0.0,0.0,0.0,0.0,0.0,0.0,0.0,0.0,0.0,0.0,0.0,0.0,0.0,0.0,0.0,0.0,0.0,0.0,0.0,0.0,0.0,0.0,-7.988858342088257e-10,0.0,0.0,0.0,0.0,32.0,0.0,0.0,0.0,0.0,0.0,0.0,0.0,0.0,0.0,0.0,0.0,0.0,8672.956025626336,0.0,0.0,0.0,0.0,0.0,0.0,9870.798639420047,0.0,8600.287890477888,0.0,0.0,120.0,0.0,0.0,0.0,0.0,0.0,0.0,0.0,0.0,0.0,0.0,0.0,0.0,0.0,0.0,0.0,0.0,0.0,0.0,0.0,0.0,0.0,0.0,0.0,0.0,0.0,0.0,0.0,0.0,0.0,0.0,0.0,0.0,0.0,0.0,0.0,0.0
2030-01-01T11:00:00.0,0.0,0.0,0.0,0.0,0.0,0.0,0.0,0.0,0.0,0.0,75.0,0.0,0.0,0.0,1.3803380463730074e-11,0.0,9247.028687180447,0.0,0.0,0.0,0.0,0.0,0.0,0.0,0.0,0.0,0.0,0.0,0.0,0.0,0.0,0.0,0.0,0.0,0.0,0.0,0.0,0.0,0.0,0.0,0.0,0.0,0.0,0.0,32.0,0.0,0.0,0.0,0.0,0.0,0.0,0.0,0.0,0.0,0.0,0.0,0.0,8672.956025626336,0.0,0.0,0.0,0.0,0.0,0.0,7714.716227005264,0.0,8600.287890477888,0.0,0.0,120.0,0.0,0.0,0.0,0.0,0.0,0.0,0.0,0.0,0.0,0.0,0.0,0.0,0.0,0.0,0.0,0.0,0.0,0.0,0.0,0.0,0.0,0.0,0.0,0.0,0.0,0.0,0.0,0.0,0.0,0.0,0.0,0.0,0.0,0.0,0.0,0.0
2030-01-01T12:00:00.0,0.0,0.0,0.0,0.0,0.0,0.0,0.0,0.0,0.0,0.0,75.0,0.0,0.0,0.0,0.0,0.0,9247.028687180447,0.0,0.0,0.0,0.0,0.0,0.0,0.0,0.0,0.0,0.0,0.0,0.0,0.0,0.0,0.0,0.0,0.0,0.0,0.0,0.0,0.0,0.0,-7.988858342088257e-10,0.0,0.0,0.0,0.0,32.0,0.0,0.0,0.0,0.0,0.0,0.0,0.0,0.0,0.0,0.0,0.0,0.0,8672.956025626336,0.0,0.0,0.0,0.0,0.0,0.0,9870.798639420047,0.0,8600.287890477888,0.0,0.0,120.0,0.0,0.0,0.0,0.0,0.0,0.0,0.0,0.0,0.0,0.0,0.0,0.0,0.0,0.0,0.0,0.0,0.0,0.0,0.0,0.0,0.0,0.0,0.0,0.0,0.0,0.0,0.0,0.0,0.0,0.0,0.0,0.0,0.0,0.0,0.0,0.0
2030-01-01T13:00:00.0,0.0,0.0,0.0,0.0,0.0,0.0,0.0,0.0,0.0,0.0,75.0,0.0,0.0,0.0,0.0,0.0,9247.028687180447,0.0,0.0,0.0,0.0,0.0,0.0,0.0,0.0,0.0,0.0,0.0,0.0,0.0,0.0,0.0,0.0,0.0,0.0,0.0,0.0,0.0,0.0,-7.673917230323817e-10,0.0,0.0,0.0,0.0,32.0,0.0,0.0,0.0,0.0,0.0,0.0,0.0,0.0,0.0,0.0,0.0,0.0,8672.956025626336,0.0,0.0,0.0,-1.5086069385765313e-8,0.0,0.0,9870.798639420047,0.0,8600.287890477888,0.0,0.0,120.0,0.0,0.0,0.0,0.0,0.0,0.0,0.0,0.0,0.0,0.0,0.0,0.0,0.0,0.0,0.0,0.0,0.0,0.0,0.0,0.0,0.0,0.0,0.0,0.0,0.0,0.0,0.0,0.0,0.0,0.0,0.0,0.0,0.0,0.0,0.0,0.0
2030-01-01T14:00:00.0,0.0,0.0,0.0,0.0,0.0,0.0,0.0,0.0,0.0,0.0,75.0,0.0,0.0,0.0,6.962103490121706e-12,0.0,9247.028687180447,0.0,0.0,0.0,0.0,0.0,0.0,0.0,0.0,0.0,0.0,0.0,0.0,0.0,0.0,0.0,0.0,0.0,0.0,0.0,0.0,0.0,0.0,-2.2347176820335252e-10,0.0,0.0,0.0,0.0,32.0,0.0,0.0,0.0,0.0,0.0,0.0,1.0269610630006193e-10,0.0,0.0,0.0,0.0,0.0,8672.956025626336,0.0,0.0,0.0,-1.5086069385765313e-8,0.0,0.0,9870.798639420047,0.0,8600.287890477888,0.0,0.0,120.0,0.0,0.0,0.0,0.0,0.0,0.0,0.0,0.0,0.0,0.0,0.0,0.0,0.0,0.0,0.0,0.0,0.0,0.0,0.0,0.0,0.0,0.0,0.0,0.0,0.0,0.0,0.0,0.0,0.0,0.0,0.0,0.0,0.0,0.0,0.0,0.0
2030-01-01T15:00:00.0,0.0,0.0,0.0,2079.3616812222776,0.0,0.0,0.0,0.0,0.0,2049.821623595567,75.0,0.0,0.0,0.0,0.0,0.0,6966.149121573766,0.0,0.0,0.0,0.0,0.0,0.0,0.0,0.0,0.0,0.0,0.0,0.0,0.0,0.0,0.0,0.0,0.0,0.0,0.0,0.0,0.0,0.0,-7.988858342088257e-10,0.0,0.0,0.0,0.0,32.0,0.0,0.0,0.0,0.0,0.0,0.0,7190.598183655027,0.0,0.0,0.0,0.0,0.0,8672.956025626336,0.0,0.0,0.0,2059.9755771091613,0.0,6131.430013704608,9870.798639420047,0.0,8600.287890477888,0.0,0.0,120.0,0.0,0.0,0.0,0.0,0.0,0.0,0.0,0.0,0.0,0.0,0.0,0.0,0.0,0.0,0.0,0.0,0.0,0.0,0.0,0.0,0.0,0.0,0.0,0.0,0.0,0.0,0.0,0.0,0.0,0.0,0.0,0.0,0.0,0.0,0.0,0.0
2030-01-01T16:00:00.0,0.0,0.0,0.0,2079.3616812222776,0.0,0.0,0.0,0.0,0.0,2049.821623595567,75.0,0.0,0.0,0.0,0.0,0.0,7116.20919373245,7275.696828807873,0.0,0.0,0.0,0.0,0.0,0.0,0.0,0.0,0.0,0.0,0.0,6431.0530675965565,0.0,0.0,0.0,0.0,0.0,0.0,0.0,0.0,0.0,-7.988858342088257e-10,0.0,0.0,0.0,0.0,32.0,0.0,7591.59259097229,0.0,0.0,0.0,0.0,7174.612822980356,0.0,0.0,0.0,0.0,0.0,8672.956025626336,0.0,0.0,0.0,2059.9755771091613,0.0,6476.9479704993855,7391.2469907401855,0.0,7222.673087128825,7751.983108660329,0.0,120.0,0.0,0.0,0.0,0.0,0.0,0.0,0.0,0.0,0.0,0.0,0.0,0.0,0.0,0.0,0.0,0.0,0.0,0.0,0.0,0.0,0.0,0.0,0.0,0.0,0.0,0.0,0.0,0.0,0.0,0.0,0.0,0.0,0.0,0.0,0.0,0.0
2030-01-01T17:00:00.0,0.0,0.0,0.0,2079.3616812222776,0.0,0.0,0.0,0.0,0.0,2049.821623595567,75.0,0.0,0.0,0.0,0.0,0.0,6580.031341021571,7999.6778603695475,0.0,0.0,0.0,0.0,0.0,0.0,0.0,0.0,0.0,0.0,0.0,6455.476228181502,0.0,0.0,0.0,0.0,0.0,0.0,0.0,0.0,0.0,-7.988858342088257e-10,0.0,0.0,0.0,0.0,32.0,0.0,7514.191816849204,0.0,0.0,0.0,0.0,7130.752517624541,0.0,0.0,0.0,7750.189610039326,0.0,8672.956025626336,0.0,0.0,0.0,2059.9755771091613,0.0,6131.430013704607,6737.336737818992,0.0,7787.931100293967,7751.983108660329,0.0,120.0,0.0,0.0,0.0,0.0,0.0,0.0,0.0,0.0,0.0,0.0,0.0,0.0,0.0,0.0,0.0,0.0,0.0,0.0,0.0,0.0,0.0,0.0,0.0,0.0,0.0,0.0,0.0,0.0,0.0,0.0,0.0,0.0,0.0,0.0,0.0,0.0
2030-01-01T18:00:00.0,0.0,0.0,0.0,2079.3616812222776,0.0,0.0,0.0,0.0,0.0,2049.821623595567,75.0,0.0,0.0,0.0,0.0,0.0,6994.724335165912,7682.550012847225,0.0,0.0,0.0,0.0,0.0,0.0,0.0,0.0,0.0,0.0,0.0,6541.207511911904,0.0,0.0,0.0,0.0,0.0,0.0,0.0,0.0,0.0,-7.988858342088257e-10,0.0,0.0,0.0,0.0,32.0,0.0,7411.229939110286,0.0,0.0,0.0,0.0,6773.817806890305,0.0,0.0,0.0,7750.189610039326,0.0,8672.956025626336,0.0,0.0,0.0,2059.9755771091613,0.0,6131.430013704607,6252.851254240899,0.0,7625.835166018544,7751.983108660329,0.0,120.0,0.0,0.0,0.0,0.0,0.0,0.0,0.0,0.0,0.0,0.0,0.0,0.0,0.0,0.0,0.0,0.0,0.0,0.0,0.0,0.0,0.0,0.0,0.0,0.0,0.0,0.0,0.0,0.0,0.0,0.0,0.0,0.0,0.0,0.0,0.0,0.0
2030-01-01T19:00:00.0,0.0,0.0,0.0,2079.3616812222776,0.0,0.0,0.0,0.0,0.0,2049.821623595567,75.0,0.0,0.0,0.0,0.0,0.0,6580.031341021571,7682.550012847225,0.0,0.0,0.0,0.0,0.0,0.0,0.0,0.0,0.0,0.0,0.0,6239.331911696112,0.0,0.0,0.0,0.0,0.0,0.0,0.0,0.0,0.0,-7.988858342088257e-10,0.0,0.0,0.0,0.0,32.0,0.0,7668.049317375184,0.0,0.0,0.0,0.0,6531.846378315824,0.0,0.0,0.0,7750.189610039326,0.0,8672.956025626336,0.0,0.0,0.0,2059.9755771091613,0.0,6131.430013704612,0.0,0.0,7625.835166018544,7751.983108660329,0.0,120.0,0.0,0.0,0.0,0.0,0.0,0.0,0.0,0.0,0.0,0.0,0.0,0.0,0.0,0.0,0.0,0.0,0.0,0.0,0.0,0.0,0.0,0.0,0.0,0.0,0.0,0.0,0.0,0.0,0.0,0.0,0.0,0.0,0.0,0.0,0.0,0.0
2030-01-01T20:00:00.0,0.0,0.0,0.0,2079.3616812222776,0.0,0.0,0.0,0.0,0.0,2049.821623595567,75.0,0.0,0.0,0.0,0.0,0.0,6580.031341021571,7682.550012847225,0.0,0.0,0.0,0.0,0.0,0.0,0.0,0.0,0.0,0.0,0.0,6541.207511911914,0.0,0.0,0.0,0.0,0.0,0.0,0.0,0.0,0.0,-7.988858342088257e-10,0.0,0.0,0.0,0.0,32.0,0.0,7411.229939110296,0.0,0.0,0.0,0.0,7135.641098856751,0.0,0.0,0.0,7750.189610039326,0.0,8672.956025626336,0.0,0.0,0.0,2059.9755771091613,0.0,6131.430013704607,0.0,0.0,7937.274458122731,7751.983108660329,0.0,120.0,0.0,0.0,0.0,0.0,0.0,0.0,0.0,0.0,0.0,0.0,0.0,0.0,0.0,0.0,0.0,0.0,0.0,0.0,0.0,0.0,0.0,0.0,0.0,0.0,0.0,0.0,0.0,0.0,0.0,0.0,0.0,0.0,0.0,0.0,0.0,0.0
2030-01-01T21:00:00.0,0.0,0.0,0.0,2079.3616812222776,0.0,0.0,0.0,0.0,0.0,2049.821623595567,75.0,0.0,0.0,0.0,0.0,0.0,7087.015264502197,7239.046502252606,0.0,0.0,0.0,0.0,0.0,0.0,0.0,0.0,0.0,0.0,0.0,5975.984611565102,0.0,0.0,0.0,0.0,0.0,0.0,0.0,0.0,0.0,0.0,0.0,0.0,0.0,0.0,32.0,0.0,7559.331780815062,0.0,0.0,0.0,0.0,7117.576181562561,0.0,0.0,0.0,7750.189610039326,0.0,8672.956025626336,0.0,0.0,0.0,2059.9755771091613,0.0,6455.856291260427,0.0,0.0,7692.307610295389,7751.983108660329,0.0,120.0,0.0,0.0,0.0,0.0,0.0,0.0,0.0,0.0,0.0,0.0,0.0,0.0,0.0,0.0,0.0,0.0,0.0,0.0,0.0,0.0,0.0,0.0,0.0,0.0,0.0,0.0,0.0,0.0,0.0,0.0,0.0,0.0,0.0,0.0,0.0,0.0
2030-01-01T22:00:00.0,0.0,0.0,0.0,2079.3616812222776,0.0,0.0,0.0,0.0,0.0,2049.821623595567,75.0,0.0,0.0,0.0,0.0,0.0,6954.281766771246,8052.582337965372,0.0,0.0,0.0,0.0,0.0,0.0,0.0,0.0,0.0,0.0,0.0,6173.888043212671,0.0,0.0,0.0,0.0,0.0,0.0,0.0,0.0,0.0,-7.988858342088257e-10,0.0,0.0,0.0,0.0,32.0,0.0,6948.891671735246,0.0,0.0,0.0,0.0,6652.559437865613,0.0,0.0,0.0,7750.189610039326,0.0,8672.956025626336,0.0,3.846047409173889e-11,0.0,2059.975577105562,0.0,9024.93332611609,0.0,0.0,8600.287890477888,7751.983108660329,0.0,120.0,0.0,0.0,0.0,0.0,0.0,0.0,0.0,0.0,0.0,0.0,0.0,0.0,0.0,0.0,0.0,0.0,0.0,0.0,0.0,0.0,0.0,0.0,0.0,0.0,0.0,0.0,0.0,0.0,0.0,0.0,0.0,0.0,0.0,0.0,0.0,0.0
2030-01-01T23:00:00.0,0.0,0.0,0.0,2079.3616812222776,0.0,0.0,0.0,0.0,0.0,2049.821623595567,75.0,0.0,0.0,0.0,0.0,0.0,0.0,7462.856106206585,0.0,0.0,0.0,0.0,0.0,0.0,0.0,0.0,0.0,0.0,0.0,6365.870953526345,0.0,0.0,0.0,0.0,0.0,0.0,0.0,0.0,0.0,-7.988858342088257e-10,0.0,0.0,0.0,0.0,32.0,0.0,7537.730775943663,0.0,0.0,0.0,0.0,6280.860909529442,0.0,0.0,0.0,7750.189610039326,0.0,7361.095271085234,0.0,3496.0726308285093,0.0,2059.9755771091613,0.0,9024.93332611609,0.0,0.0,8600.287890477888,7751.983108660329,0.0,120.0,0.0,0.0,0.0,0.0,0.0,0.0,0.0,0.0,0.0,0.0,0.0,0.0,0.0,0.0,0.0,0.0,0.0,0.0,0.0,0.0,0.0,0.0,0.0,0.0,0.0,0.0,0.0,0.0,0.0,0.0,0.0,0.0,0.0,0.0,0.0,0.0
2030-01-02T00:00:00.0,0.0,0.0,0.0,2079.3616812222776,0.0,0.0,0.0,0.0,0.0,2049.821623595567,75.0,0.0,0.0,0.0,6636.91636345302,0.0,0.0,7988.420982269206,0.0,0.0,0.0,0.0,0.0,0.0,0.0,0.0,0.0,0.0,0.0,6388.660959156172,0.0,0.0,0.0,0.0,0.0,0.0,0.0,0.0,0.0,0.0,0.0,0.0,0.0,0.0,32.0,0.0,7483.080782708888,0.0,0.0,0.0,0.0,6924.96280198163,0.0,0.0,0.0,7750.189610039326,0.0,7610.655387086746,0.0,2553.761986561137,0.0,2059.9755771091613,0.0,6154.410936387685,0.0,0.0,0.0,7751.983108660329,0.0,120.0,0.0,0.0,0.0,0.0,0.0,0.0,0.0,0.0,0.0,0.0,0.0,0.0,0.0,0.0,0.0,0.0,0.0,0.0,0.0,0.0,0.0,0.0,0.0,0.0,0.0,0.0,0.0,0.0,0.0,0.0,0.0,0.0,0.0,0.0,0.0,0.0
2030-01-02T01:00:00.0,0.0,0.0,0.0,2079.3616812222776,0.0,0.0,0.0,0.0,0.0,2049.821623595567,75.0,0.0,0.0,0.0,6493.22761363466,0.0,0.0,7709.529259141266,0.0,0.0,0.0,0.0,0.0,0.0,0.0,0.0,0.0,0.0,0.0,6250.851670880771,0.0,0.0,0.0,0.0,0.0,0.0,0.0,0.0,0.0,0.0,0.0,0.0,0.0,0.0,32.0,0.0,7284.652230179328,0.0,0.0,0.0,0.0,6723.995384652524,0.0,0.0,0.0,7750.189610039326,0.0,7386.600327237853,0.0,2491.3959729650032,0.0,2059.9755771091613,0.0,6031.150213509233,0.0,0.0,0.0,7751.983108660329,0.0,120.0,0.0,0.0,0.0,0.0,0.0,0.0,0.0,0.0,0.0,0.0,0.0,0.0,0.0,0.0,0.0,0.0,0.0,0.0,0.0,0.0,0.0,0.0,0.0,0.0,0.0,0.0,0.0,0.0,0.0,0.0,0.0,0.0,0.0,0.0,0.0,0.0
2030-01-02T02:00:00.0,0.0,0.0,0.0,2079.3616812222776,0.0,0.0,0.0,0.0,0.0,2049.821623595567,75.0,0.0,0.0,0.0,6497.960562495904,0.0,0.0,7718.715644749445,0.0,0.0,0.0,0.0,0.0,0.0,0.0,0.0,0.0,0.0,0.0,6255.3909567666615,0.0,0.0,0.0,0.0,0.0,0.0,0.0,0.0,0.0,0.0,0.0,0.0,0.0,0.0,32.0,0.0,7291.188247737558,0.0,0.0,0.0,0.0,6730.615029615663,0.0,0.0,0.0,7750.189610039326,0.0,7393.980453668825,0.0,2493.450240633163,0.0,2059.9755771091613,0.0,6035.21028570501,0.0,0.0,0.0,7751.983108660329,0.0,120.0,0.0,0.0,0.0,0.0,0.0,0.0,0.0,0.0,0.0,0.0,0.0,0.0,0.0,0.0,0.0,0.0,0.0,0.0,0.0,0.0,0.0,0.0,0.0,0.0,0.0,0.0,0.0,0.0,0.0,0.0,0.0,0.0,0.0,0.0,0.0,0.0
2030-01-02T03:00:00.0,0.0,0.0,0.0,2079.3616812222776,0.0,0.0,0.0,0.0,0.0,2049.821623595567,75.0,0.0,0.0,0.0,6668.55045511288,0.0,0.0,8049.820962043254,0.0,0.0,0.0,0.0,0.0,0.0,0.0,0.0,0.0,0.0,0.0,6419.0006458915295,0.0,0.0,0.0,0.0,0.0,0.0,0.0,0.0,0.0,0.0,0.0,0.0,0.0,0.0,32.0,0.0,7526.766227996627,0.0,0.0,0.0,0.0,6969.207196260729,0.0,0.0,0.0,7750.189610039326,0.0,7659.982688695778,0.0,2567.4923043003764,0.0,2059.9755771091613,0.0,6181.547653844875,0.0,0.0,0.0,7751.983108660329,0.0,120.0,0.0,0.0,0.0,0.0,0.0,0.0,0.0,0.0,0.0,0.0,0.0,0.0,0.0,0.0,0.0,0.0,0.0,0.0,0.0,0.0,0.0,0.0,0.0,0.0,0.0,0.0,0.0,0.0,0.0,0.0,0.0,0.0,0.0,0.0,0.0,0.0
2030-01-02T04:00:00.0,0.0,0.0,0.0,2079.3616812222776,0.0,0.0,0.0,0.0,0.0,2049.821623595567,75.0,0.0,0.0,0.0,6668.55045511288,0.0,0.0,8049.820962043255,0.0,0.0,0.0,0.0,0.0,0.0,0.0,0.0,0.0,0.0,0.0,6419.00064589153,0.0,0.0,0.0,0.0,0.0,0.0,0.0,0.0,0.0,0.0,0.0,0.0,0.0,0.0,32.0,0.0,7526.766227996626,0.0,0.0,0.0,0.0,6969.207196260728,0.0,0.0,0.0,7750.189610039326,0.0,7659.982688695778,0.0,2567.4923043003764,0.0,2059.9755771091613,0.0,6181.547653844876,7144.206386601852,0.0,0.0,7751.983108660329,0.0,120.0,0.0,0.0,0.0,0.0,0.0,0.0,0.0,0.0,0.0,0.0,0.0,0.0,0.0,0.0,0.0,0.0,0.0,0.0,0.0,0.0,0.0,0.0,0.0,0.0,0.0,0.0,0.0,0.0,0.0,0.0,0.0,0.0,0.0,0.0,0.0,0.0
2030-01-02T05:00:00.0,0.0,0.0,0.0,2079.3616812222776,0.0,0.0,0.0,0.0,0.0,2049.821623595567,75.0,0.0,0.0,0.0,6723.902240936779,0.0,0.0,8157.255642532509,0.0,0.0,0.0,0.0,0.0,0.0,0.0,0.0,0.0,0.0,0.0,6472.08754530994,0.0,0.0,0.0,0.0,0.0,0.0,0.0,0.0,0.0,0.0,0.0,0.0,0.0,0.0,32.0,0.0,7603.204882761507,0.0,0.0,0.0,0.0,7046.623872622969,0.0,0.0,0.0,7750.189610039326,0.0,7746.293187612324,0.0,0.0,0.0,2059.9755771091613,0.0,6229.030154332157,7224.388418968042,0.0,0.0,7751.983108660329,0.0,120.0,0.0,0.0,0.0,0.0,0.0,0.0,0.0,0.0,0.0,0.0,0.0,0.0,0.0,0.0,0.0,0.0,0.0,0.0,0.0,0.0,0.0,0.0,0.0,0.0,0.0,0.0,0.0,0.0,0.0,0.0,0.0,0.0,0.0,0.0,0.0,0.0
2030-01-02T06:00:00.0,0.0,0.0,0.0,2079.3616812222776,0.0,0.0,0.0,0.0,0.0,2049.821623595567,75.0,0.0,0.0,0.0,6723.902240936779,0.0,0.0,8157.255642532513,0.0,0.0,0.0,0.0,0.0,0.0,0.0,0.0,0.0,0.0,0.0,6472.08754530994,0.0,0.0,0.0,0.0,0.0,0.0,0.0,0.0,0.0,0.0,0.0,0.0,0.0,0.0,32.0,0.0,7603.204882761507,0.0,0.0,0.0,0.0,7046.6238726229685,0.0,0.0,0.0,7750.189610039326,0.0,7746.293187612322,0.0,0.0,0.0,2059.9755771091613,0.0,6229.030154332158,7224.388418968042,0.0,0.0,7751.983108660329,0.0,120.0,0.0,0.0,0.0,0.0,0.0,0.0,0.0,0.0,0.0,0.0,0.0,0.0,0.0,0.0,0.0,0.0,0.0,0.0,0.0,0.0,0.0,0.0,0.0,0.0,0.0,0.0,0.0,0.0,0.0,0.0,0.0,0.0,0.0,0.0,0.0,0.0
2030-01-02T07:00:00.0,0.0,0.0,0.0,2079.3616812222776,0.0,0.0,0.0,0.0,0.0,2049.821623595567,75.0,0.0,0.0,0.0,6887.280365273963,0.0,0.0,0.0,0.0,0.0,0.0,0.0,0.0,0.0,0.0,0.0,0.0,0.0,0.0,6472.087545309938,0.0,0.0,0.0,0.0,0.0,0.0,0.0,0.0,0.0,0.0,0.0,0.0,0.0,0.0,32.0,0.0,7603.204882761505,0.0,0.0,0.0,0.0,7046.623872622968,0.0,0.0,0.0,7750.189610039326,0.0,7746.293187612322,0.0,0.0,0.0,0.0,0.0,6229.030154332157,7224.388418968042,0.0,0.0,7751.983108660329,0.0,120.0,0.0,0.0,0.0,0.0,0.0,0.0,0.0,0.0,0.0,0.0,0.0,0.0,0.0,0.0,0.0,0.0,0.0,0.0,0.0,0.0,0.0,0.0,0.0,0.0,0.0,0.0,0.0,0.0,0.0,0.0,0.0,0.0,0.0,0.0,0.0,0.0
2030-01-02T08:00:00.0,0.0,0.0,0.0,2079.3616812222776,0.0,0.0,0.0,0.0,0.0,2049.821623595567,75.0,0.0,0.0,0.0,0.0,0.0,0.0,0.0,0.0,0.0,0.0,0.0,0.0,0.0,0.0,0.0,0.0,0.0,0.0,0.0,0.0,0.0,0.0,0.0,0.0,0.0,0.0,0.0,0.0,0.0,0.0,0.0,0.0,0.0,32.0,0.0,8052.062274644522,0.0,0.0,0.0,0.0,7501.22433029838,0.0,0.0,0.0,7750.189610039326,0.0,8253.119289601775,0.0,0.0,0.0,0.0,0.0,0.0,7695.227394803918,0.0,0.0,7751.983108660329,0.0,120.0,0.0,0.0,0.0,0.0,0.0,0.0,0.0,0.0,0.0,0.0,0.0,0.0,0.0,0.0,0.0,0.0,0.0,0.0,0.0,0.0,0.0,0.0,0.0,0.0,0.0,0.0,0.0,0.0,0.0,0.0,0.0,0.0,0.0,0.0,0.0,0.0
2030-01-02T09:00:00.0,0.0,0.0,0.0,0.0,0.0,0.0,0.0,0.0,0.0,0.0,75.0,0.0,0.0,0.0,0.0,0.0,0.0,0.0,0.0,0.0,0.0,0.0,0.0,0.0,0.0,0.0,0.0,0.0,0.0,0.0,0.0,0.0,0.0,0.0,0.0,0.0,0.0,0.0,0.0,0.0,0.0,0.0,0.0,0.0,32.0,0.0,0.0,0.0,0.0,0.0,0.0,5332.682788778453,0.0,0.0,0.0,6163.504077207455,0.0,0.0,0.0,0.0,0.0,0.0,0.0,0.0,5449.22464397558,0.0,0.0,6132.67069502017,0.0,120.0,0.0,0.0,0.0,0.0,0.0,0.0,0.0,0.0,0.0,0.0,0.0,0.0,0.0,0.0,0.0,0.0,0.0,0.0,0.0,0.0,0.0,0.0,0.0,0.0,0.0,0.0,0.0,0.0,0.0,0.0,0.0,0.0,0.0,0.0,0.0,0.0
2030-01-02T10:00:00.0,0.0,0.0,0.0,0.0,0.0,0.0,0.0,0.0,0.0,0.0,75.0,0.0,0.0,0.0,0.0,0.0,0.0,0.0,0.0,0.0,0.0,0.0,0.0,0.0,0.0,0.0,0.0,0.0,0.0,0.0,0.0,0.0,0.0,0.0,0.0,0.0,0.0,0.0,0.0,0.0,0.0,0.0,0.0,0.0,32.0,0.0,0.0,0.0,0.0,0.0,0.0,5332.68278877845,0.0,0.0,0.0,6163.504077207453,0.0,0.0,0.0,0.0,0.0,0.0,0.0,0.0,5449.224643975578,0.0,0.0,6132.670695020166,0.0,120.0,0.0,0.0,0.0,0.0,0.0,0.0,0.0,0.0,0.0,0.0,0.0,0.0,0.0,0.0,0.0,0.0,0.0,0.0,0.0,0.0,0.0,0.0,0.0,0.0,0.0,0.0,0.0,0.0,0.0,0.0,0.0,0.0,0.0,0.0,0.0,0.0
2030-01-02T11:00:00.0,0.0,0.0,0.0,0.0,0.0,0.0,0.0,0.0,0.0,0.0,75.0,0.0,0.0,0.0,0.0,0.0,0.0,0.0,0.0,0.0,0.0,0.0,0.0,0.0,0.0,0.0,0.0,0.0,0.0,0.0,0.0,0.0,0.0,0.0,0.0,0.0,0.0,0.0,0.0,0.0,0.0,0.0,0.0,0.0,32.0,0.0,0.0,0.0,0.0,0.0,0.0,5332.682788778451,0.0,0.0,0.0,6163.5040772074535,0.0,0.0,0.0,0.0,0.0,0.0,0.0,0.0,5449.224643975579,0.0,0.0,6132.670695020168,0.0,120.0,0.0,0.0,0.0,0.0,0.0,0.0,0.0,0.0,0.0,0.0,0.0,0.0,0.0,0.0,0.0,0.0,0.0,0.0,0.0,0.0,0.0,0.0,0.0,0.0,0.0,0.0,0.0,0.0,0.0,0.0,0.0,0.0,0.0,0.0,0.0,0.0
2030-01-02T12:00:00.0,0.0,0.0,0.0,0.0,0.0,0.0,0.0,0.0,0.0,0.0,75.0,0.0,0.0,0.0,0.0,0.0,0.0,0.0,0.0,0.0,0.0,0.0,0.0,0.0,0.0,0.0,0.0,0.0,0.0,0.0,0.0,0.0,0.0,0.0,0.0,0.0,0.0,0.0,0.0,0.0,0.0,0.0,0.0,0.0,32.0,0.0,0.0,0.0,0.0,0.0,0.0,5332.68278877845,0.0,0.0,0.0,6163.504077207453,0.0,0.0,0.0,0.0,0.0,0.0,0.0,0.0,5449.224643975578,0.0,0.0,6132.670695020166,0.0,120.0,0.0,0.0,0.0,0.0,0.0,0.0,0.0,0.0,0.0,0.0,0.0,0.0,0.0,0.0,0.0,0.0,0.0,0.0,0.0,0.0,0.0,0.0,0.0,0.0,0.0,0.0,0.0,0.0,0.0,0.0,0.0,0.0,0.0,0.0,0.0,0.0
2030-01-02T13:00:00.0,0.0,0.0,0.0,0.0,0.0,0.0,0.0,0.0,0.0,0.0,75.0,0.0,0.0,0.0,0.0,0.0,0.0,0.0,0.0,0.0,0.0,0.0,0.0,0.0,0.0,0.0,0.0,0.0,0.0,0.0,0.0,0.0,0.0,0.0,0.0,0.0,0.0,0.0,0.0,0.0,0.0,0.0,0.0,0.0,32.0,0.0,0.0,0.0,0.0,0.0,0.0,5332.682788778453,0.0,0.0,0.0,6163.504077207455,0.0,0.0,0.0,0.0,0.0,0.0,0.0,0.0,5449.22464397558,0.0,0.0,6132.67069502017,0.0,120.0,0.0,0.0,0.0,0.0,0.0,0.0,0.0,0.0,0.0,0.0,0.0,0.0,0.0,0.0,0.0,0.0,0.0,0.0,0.0,0.0,0.0,0.0,0.0,0.0,0.0,0.0,0.0,0.0,0.0,0.0,0.0,0.0,0.0,0.0,0.0,0.0
2030-01-02T14:00:00.0,0.0,0.0,0.0,0.0,0.0,0.0,0.0,0.0,0.0,0.0,75.0,0.0,0.0,0.0,0.0,0.0,6300.2191961200615,0.0,0.0,0.0,0.0,0.0,0.0,0.0,0.0,0.0,0.0,0.0,0.0,0.0,0.0,0.0,0.0,0.0,0.0,0.0,0.0,0.0,0.0,0.0,0.0,0.0,0.0,0.0,32.0,0.0,0.0,0.0,0.0,0.0,0.0,6207.959749742851,0.0,0.0,0.0,7370.786602863465,0.0,0.0,0.0,0.0,0.0,0.0,0.0,0.0,6355.766863445736,0.0,6953.843313392537,7580.684722222116,0.0,120.0,0.0,0.0,0.0,0.0,0.0,0.0,0.0,0.0,0.0,0.0,0.0,0.0,0.0,0.0,0.0,0.0,0.0,0.0,0.0,0.0,0.0,0.0,0.0,0.0,0.0,0.0,0.0,0.0,0.0,0.0,0.0,0.0,0.0,0.0,0.0,0.0
2030-01-02T15:00:00.0,0.0,0.0,0.0,0.0,0.0,0.0,0.0,0.0,2123.6782673562434,0.0,75.0,0.0,0.0,0.0,0.0,0.0,7925.676322961019,8625.492462263797,0.0,0.0,0.0,0.0,0.0,0.0,0.0,0.0,0.0,0.0,0.0,0.0,0.0,0.0,0.0,0.0,0.0,0.0,0.0,0.0,0.0,0.0,0.0,0.0,0.0,0.0,32.0,0.0,0.0,0.0,0.0,0.0,0.0,8315.389182998995,0.0,0.0,0.0,7750.189610039326,0.0,0.0,0.0,0.0,0.0,2059.9755771091613,0.0,0.0,8538.474555986571,0.0,8600.287890477888,7751.983108660329,0.0,120.0,0.0,0.0,0.0,0.0,0.0,0.0,0.0,0.0,0.0,0.0,0.0,0.0,0.0,0.0,0.0,0.0,0.0,0.0,0.0,0.0,0.0,0.0,0.0,0.0,0.0,0.0,0.0,0.0,0.0,0.0,0.0,0.0,0.0,0.0,0.0,0.0
2030-01-02T16:00:00.0,0.0,0.0,0.0,0.0,0.0,0.0,0.0,0.0,1986.3686922475754,0.0,75.0,0.0,0.0,0.0,6592.901536860001,0.0,6805.761071186509,7902.990697384539,0.0,0.0,0.0,0.0,0.0,0.0,0.0,0.0,0.0,0.0,0.0,6346.447132854414,0.0,0.0,0.0,0.0,0.0,0.0,0.0,0.0,0.0,0.0,0.0,0.0,0.0,0.0,32.0,0.0,0.0,0.0,0.0,0.0,0.0,6863.40233857883,0.0,0.0,0.0,7750.189610039326,0.0,0.0,0.0,0.0,0.0,2059.9755771091613,0.0,6116.65363562417,7034.622135226162,0.0,7726.296484847531,7751.983108660329,0.0,120.0,0.0,0.0,0.0,0.0,0.0,0.0,0.0,0.0,0.0,0.0,0.0,0.0,0.0,0.0,0.0,0.0,0.0,0.0,0.0,0.0,0.0,0.0,0.0,0.0,0.0,0.0,0.0,0.0,0.0,0.0,0.0,0.0,0.0,0.0,0.0,0.0
2030-01-02T17:00:00.0,0.0,0.0,0.0,2079.3616812222776,0.0,0.0,0.0,0.0,1986.3686922475747,2049.821623595567,75.0,0.0,0.0,0.0,6592.90153686,0.0,6805.761071186507,7902.990697384535,0.0,0.0,0.0,0.0,0.0,0.0,0.0,0.0,0.0,0.0,0.0,6346.447132854413,0.0,0.0,0.0,0.0,0.0,0.0,0.0,0.0,0.0,0.0,0.0,0.0,0.0,0.0,32.0,0.0,7422.298025939601,0.0,0.0,0.0,0.0,6863.402338578828,0.0,0.0,0.0,7750.189610039326,0.0,7542.022702767312,0.0,0.0,0.0,2059.9755771091613,0.0,6116.65363562417,7034.62213522616,0.0,7726.2964848475285,7751.983108660329,0.0,120.0,0.0,0.0,0.0,0.0,0.0,0.0,0.0,0.0,0.0,0.0,0.0,0.0,0.0,0.0,0.0,0.0,0.0,0.0,0.0,0.0,0.0,0.0,0.0,0.0,0.0,0.0,0.0,0.0,0.0,0.0,0.0,0.0,0.0,0.0,0.0,0.0
2030-01-02T18:00:00.0,0.0,0.0,0.0,2079.3616812222776,0.0,0.0,0.0,0.0,1986.3686922475747,2049.821623595567,75.0,0.0,0.0,0.0,6592.90153686,0.0,6805.761071186507,7902.990697384535,0.0,0.0,0.0,0.0,0.0,0.0,0.0,0.0,0.0,0.0,0.0,6346.447132854413,0.0,0.0,0.0,0.0,0.0,0.0,0.0,0.0,0.0,0.0,0.0,0.0,0.0,0.0,32.0,0.0,7422.298025939601,0.0,0.0,0.0,0.0,6863.402338578828,0.0,0.0,0.0,7750.189610039326,0.0,7542.022702767312,0.0,0.0,0.0,2059.9755771091613,0.0,6116.65363562417,7034.62213522616,0.0,7726.2964848475285,7751.983108660329,0.0,120.0,0.0,0.0,0.0,0.0,0.0,0.0,0.0,0.0,0.0,0.0,0.0,0.0,0.0,0.0,0.0,0.0,0.0,0.0,0.0,0.0,0.0,0.0,0.0,0.0,0.0,0.0,0.0,0.0,0.0,0.0,0.0,0.0,0.0,0.0,0.0,0.0
2030-01-02T19:00:00.0,0.0,0.0,0.0,2079.3616812222776,0.0,0.0,0.0,0.0,1986.3686922475745,2049.821623595567,75.0,0.0,0.0,0.0,6592.901536859999,0.0,6805.761071186507,7902.990697384535,0.0,0.0,0.0,0.0,0.0,0.0,0.0,0.0,0.0,0.0,0.0,6346.447132854413,0.0,0.0,0.0,0.0,0.0,0.0,0.0,0.0,0.0,0.0,0.0,0.0,0.0,0.0,32.0,0.0,7422.298025939601,0.0,0.0,0.0,0.0,6863.402338578826,0.0,0.0,0.0,7750.189610039326,0.0,7542.022702767311,0.0,0.0,0.0,2059.9755771091613,0.0,6116.653635624169,7034.62213522616,0.0,7726.2964848475285,7751.983108660329,0.0,120.0,0.0,0.0,0.0,0.0,0.0,0.0,0.0,0.0,0.0,0.0,0.0,0.0,0.0,0.0,0.0,0.0,0.0,0.0,0.0,0.0,0.0,0.0,0.0,0.0,0.0,0.0,0.0,0.0,0.0,0.0,0.0,0.0,0.0,0.0,0.0,0.0
2030-01-02T20:00:00.0,0.0,0.0,0.0,2079.3616812222776,0.0,0.0,0.0,0.0,1986.3686922475747,2049.821623595567,75.0,0.0,0.0,0.0,6592.90153686,0.0,6805.761071186507,7902.990697384535,0.0,0.0,0.0,0.0,0.0,0.0,0.0,0.0,0.0,0.0,0.0,6346.447132854413,0.0,0.0,0.0,0.0,0.0,0.0,0.0,0.0,0.0,0.0,0.0,0.0,0.0,0.0,32.0,0.0,7422.298025939601,0.0,0.0,0.0,0.0,6863.402338578828,0.0,0.0,0.0,7750.189610039326,0.0,7542.022702767312,0.0,0.0,0.0,2059.9755771091613,0.0,6116.65363562417,7034.62213522616,0.0,7726.2964848475285,7751.983108660329,0.0,120.0,0.0,0.0,0.0,0.0,0.0,0.0,0.0,0.0,0.0,0.0,0.0,0.0,0.0,0.0,0.0,0.0,0.0,0.0,0.0,0.0,0.0,0.0,0.0,0.0,0.0,0.0,0.0,0.0,0.0,0.0,0.0,0.0,0.0,0.0,0.0,0.0
2030-01-02T21:00:00.0,0.0,0.0,0.0,2079.3616812222776,0.0,0.0,0.0,0.0,1986.3686922475745,2049.821623595567,75.0,0.0,0.0,0.0,6592.901536859999,0.0,6805.761071186507,7902.990697384535,0.0,0.0,0.0,0.0,0.0,0.0,0.0,0.0,0.0,0.0,0.0,6346.447132854413,0.0,0.0,0.0,0.0,0.0,0.0,0.0,0.0,0.0,0.0,0.0,0.0,0.0,0.0,32.0,0.0,7422.298025939601,0.0,0.0,0.0,0.0,6863.402338578826,0.0,0.0,0.0,7750.189610039326,0.0,7542.022702767311,0.0,0.0,0.0,2059.9755771091613,0.0,6116.653635624169,7034.62213522616,0.0,7726.2964848475285,7751.983108660329,0.0,120.0,0.0,0.0,0.0,0.0,0.0,0.0,0.0,0.0,0.0,0.0,0.0,0.0,0.0,0.0,0.0,0.0,0.0,0.0,0.0,0.0,0.0,0.0,0.0,0.0,0.0,0.0,0.0,0.0,0.0,0.0,0.0,0.0,0.0,0.0,0.0,0.0
2030-01-02T22:00:00.0,0.0,0.0,0.0,2079.3616812222776,0.0,0.0,0.0,0.0,0.0,2049.821623595567,75.0,0.0,0.0,0.0,6288.953495872132,0.0,0.0,7313.044769122047,0.0,0.0,0.0,0.0,0.0,0.0,0.0,0.0,0.0,0.0,0.0,6054.936048972126,0.0,0.0,0.0,0.0,0.0,0.0,0.0,0.0,0.0,0.0,0.0,0.0,0.0,0.0,32.0,0.0,7002.557650345409,0.0,0.0,0.0,0.0,6438.29144522921,0.0,0.0,0.0,7688.486534961547,0.0,7068.074000446648,0.0,0.0,0.0,2059.9755771091613,0.0,5855.917459013166,6594.326103266765,0.0,7225.2941646120435,7751.983108660329,0.0,120.0,0.0,0.0,0.0,0.0,0.0,0.0,0.0,0.0,0.0,0.0,0.0,0.0,0.0,0.0,0.0,0.0,0.0,0.0,0.0,0.0,0.0,0.0,0.0,0.0,0.0,0.0,0.0,0.0,0.0,0.0,0.0,0.0,0.0,0.0,0.0,0.0
2030-01-02T23:00:00.0,0.0,0.0,0.0,2079.3616812222776,0.0,0.0,0.0,0.0,0.0,2026.0307974802995,75.0,0.0,0.0,0.0,6218.33688134278,0.0,0.0,7175.981920900113,0.0,0.0,0.0,0.0,0.0,0.0,0.0,0.0,0.0,0.0,0.0,0.0,0.0,0.0,0.0,0.0,0.0,0.0,0.0,0.0,0.0,0.0,0.0,0.0,0.0,0.0,32.0,0.0,6905.038863221776,0.0,0.0,0.0,0.0,6339.524919245588,0.0,0.0,0.0,7552.256397236457,0.0,6957.960927469803,0.0,0.0,0.0,2059.9755771091613,0.0,5795.340308991883,6492.0315957363755,0.0,7108.895691993516,7751.983108660329,0.0,120.0,0.0,0.0,0.0,0.0,0.0,0.0,0.0,0.0,0.0,0.0,0.0,0.0,0.0,0.0,0.0,0.0,0.0,0.0,0.0,0.0,0.0,0.0,0.0,0.0,0.0,0.0,0.0,0.0,0.0,0.0,0.0,0.0,0.0,0.0,0.0,0.0
2030-01-03T00:00:00.0,0.0,0.0,0.0,1930.337490850613,0.0,0.0,0.0,0.0,0.0,1763.1618083862909,75.0,0.0,0.0,0.0,5893.885320740801,0.0,0.0,6546.2398226340865,0.0,0.0,0.0,0.0,0.0,0.0,0.0,0.0,0.0,0.0,0.0,0.0,0.0,0.0,0.0,0.0,0.0,0.0,0.0,0.0,0.0,0.0,0.0,0.0,0.0,0.0,32.0,0.0,6456.983927692081,0.0,0.0,0.0,0.0,5885.73718523716,0.0,0.0,0.0,6926.340228916681,0.0,6452.040916886941,0.0,0.0,0.0,2059.9755771091613,0.0,5517.015569237398,6022.0343743962085,0.0,6574.097098992469,7047.615974735452,0.0,120.0,0.0,0.0,0.0,0.0,0.0,0.0,0.0,0.0,0.0,0.0,0.0,0.0,0.0,0.0,0.0,0.0,0.0,0.0,0.0,0.0,0.0,0.0,0.0,0.0,0.0,0.0,0.0,0.0,0.0,0.0,0.0,0.0,0.0,0.0,0.0,0.0
2030-01-03T01:00:00.0,0.0,0.0,0.0,1921.931247116065,0.0,0.0,0.0,0.0,0.0,0.0,75.0,0.0,0.0,0.0,5887.342122309763,0.0,0.0,6533.539845165371,0.0,0.0,0.0,0.0,0.0,0.0,0.0,0.0,0.0,0.0,0.0,0.0,0.0,0.0,0.0,0.0,0.0,0.0,0.0,0.0,0.0,0.0,0.0,0.0,0.0,0.0,32.0,0.0,6447.948026167241,0.0,0.0,0.0,0.0,5876.585670651483,0.0,0.0,0.0,6913.717408786266,0.0,6441.838053281235,0.0,0.0,0.0,2059.9755771091613,0.0,5511.402608100447,6012.555963888179,0.0,6563.311842456725,7032.476170900587,0.0,120.0,0.0,0.0,0.0,0.0,0.0,0.0,0.0,0.0,0.0,0.0,0.0,0.0,0.0,0.0,0.0,0.0,0.0,0.0,0.0,0.0,0.0,0.0,0.0,0.0,0.0,0.0,0.0,0.0,0.0,0.0,0.0,0.0,0.0,0.0,0.0,0.0
2030-01-03T02:00:00.0,0.0,0.0,0.0,1921.9272076785549,0.0,0.0,0.0,0.0,0.0,0.0,75.0,0.0,0.0,0.0,5887.338978136062,0.0,0.0,6533.53374250922,0.0,0.0,0.0,0.0,0.0,0.0,0.0,0.0,0.0,0.0,0.0,0.0,0.0,0.0,0.0,0.0,0.0,0.0,0.0,0.0,0.0,0.0,0.0,0.0,0.0,0.0,32.0,0.0,6447.943684191044,0.0,0.0,0.0,0.0,5876.581273120344,0.0,0.0,0.0,6913.711343199465,0.0,6441.833150550634,0.0,0.0,0.0,2059.975577089926,0.0,5511.399910932543,6012.55140927565,0.0,6563.306659871773,7032.468895846812,0.0,120.0,0.0,0.0,0.0,0.0,0.0,0.0,0.0,0.0,0.0,0.0,0.0,0.0,0.0,0.0,0.0,0.0,0.0,0.0,0.0,0.0,0.0,0.0,0.0,0.0,0.0,0.0,0.0,0.0,0.0,0.0,0.0,0.0,0.0,0.0,0.0,0.0
2030-01-03T03:00:00.0,0.0,0.0,0.0,1921.92742166064,0.0,0.0,0.0,0.0,0.0,0.0,75.0,0.0,0.0,0.0,5887.3391455773235,0.0,0.0,6533.53406749635,0.0,0.0,0.0,0.0,0.0,0.0,0.0,0.0,0.0,0.0,0.0,0.0,0.0,0.0,0.0,0.0,0.0,0.0,0.0,0.0,0.0,0.0,0.0,0.0,0.0,0.0,32.0,0.0,6447.943915415999,0.0,0.0,0.0,0.0,5876.581507303748,0.0,0.0,0.0,6913.711666218089,0.0,6441.833412808689,0.0,0.0,0.0,2059.975577096793,0.0,5511.4000545658555,6012.551651824217,0.0,6563.306935861985,7032.469283268234,0.0,120.0,0.0,0.0,0.0,0.0,0.0,0.0,0.0,0.0,0.0,0.0,0.0,0.0,0.0,0.0,0.0,0.0,0.0,0.0,0.0,0.0,0.0,0.0,0.0,0.0,0.0,0.0,0.0,0.0,0.0,0.0,0.0,0.0,0.0,0.0,0.0,0.0
2030-01-03T04:00:00.0,0.0,0.0,0.0,2079.3616812222776,0.0,0.0,0.0,0.0,0.0,0.0,75.0,0.0,0.0,0.0,6734.85690820317,0.0,0.0,8178.518031091668,0.0,0.0,0.0,0.0,0.0,0.0,0.0,0.0,0.0,0.0,0.0,0.0,0.0,0.0,0.0,0.0,0.0,0.0,0.0,0.0,0.0,0.0,0.0,0.0,0.0,0.0,32.0,0.0,7618.3328504824385,0.0,0.0,0.0,0.0,7061.945400515788,0.0,0.0,0.0,7750.189610039326,0.0,7763.374891176554,0.0,0.0,0.0,2059.9755771091613,0.0,6238.4274120009395,7240.25723823449,0.0,7960.28374853138,7751.983108660329,0.0,120.0,0.0,0.0,0.0,0.0,0.0,0.0,0.0,0.0,0.0,0.0,0.0,0.0,0.0,0.0,0.0,0.0,0.0,0.0,0.0,0.0,0.0,0.0,0.0,0.0,0.0,0.0,0.0,0.0,0.0,0.0,0.0,0.0,0.0,0.0,0.0,0.0
2030-01-03T05:00:00.0,0.0,0.0,0.0,2079.3616812222776,0.0,0.0,0.0,0.0,0.0,0.0,75.0,0.0,0.0,0.0,6734.856908203155,0.0,0.0,8178.518031091027,0.0,0.0,0.0,0.0,0.0,0.0,0.0,0.0,0.0,0.0,0.0,0.0,0.0,0.0,0.0,0.0,0.0,0.0,0.0,0.0,0.0,0.0,0.0,0.0,0.0,0.0,32.0,0.0,7618.3328504824385,0.0,0.0,0.0,0.0,7061.945400515788,0.0,0.0,0.0,7750.189610039326,0.0,7763.374891177133,0.0,0.0,0.0,2059.9755771091613,0.0,6238.427412000943,7240.25723823449,0.0,7960.283748531365,7751.983108660329,0.0,120.0,0.0,0.0,0.0,0.0,0.0,0.0,0.0,0.0,0.0,0.0,0.0,0.0,0.0,0.0,0.0,0.0,0.0,0.0,0.0,0.0,0.0,0.0,0.0,0.0,0.0,0.0,0.0,0.0,0.0,0.0,0.0,0.0,0.0,0.0,0.0,0.0
2030-01-03T06:00:00.0,0.0,0.0,0.0,2079.3616812222776,0.0,0.0,0.0,0.0,0.0,0.0,75.0,0.0,0.0,0.0,6734.85690820317,0.0,0.0,8178.518031091668,0.0,0.0,0.0,0.0,0.0,0.0,0.0,0.0,0.0,0.0,0.0,0.0,0.0,0.0,0.0,0.0,0.0,0.0,0.0,0.0,0.0,0.0,0.0,0.0,0.0,0.0,32.0,0.0,7618.3328504824385,0.0,0.0,0.0,0.0,7061.945400515788,0.0,0.0,0.0,7750.189610039326,0.0,7763.374891177138,0.0,0.0,0.0,2059.9755771091613,0.0,6238.4274120009395,7240.25723823449,0.0,7960.28374853138,7751.983108660329,0.0,120.0,0.0,0.0,0.0,0.0,0.0,0.0,0.0,0.0,0.0,0.0,0.0,0.0,0.0,0.0,0.0,0.0,0.0,0.0,0.0,0.0,0.0,0.0,0.0,0.0,0.0,0.0,0.0,0.0,0.0,0.0,0.0,0.0,0.0,0.0,0.0,0.0
2030-01-03T07:00:00.0,0.0,0.0,0.0,2079.3616812222776,0.0,0.0,0.0,0.0,0.0,0.0,75.0,0.0,0.0,0.0,6588.32350487756,0.0,0.0,7894.104996660681,0.0,0.0,0.0,0.0,0.0,0.0,0.0,0.0,0.0,0.0,0.0,0.0,0.0,0.0,0.0,0.0,0.0,0.0,0.0,0.0,0.0,0.0,0.0,0.0,0.0,0.0,32.0,0.0,7415.975942541879,0.0,0.0,0.0,0.0,0.0,0.0,0.0,0.0,7750.189610039326,0.0,7534.884139511223,0.0,0.0,0.0,2059.9755771091613,0.0,6112.726455993179,7027.9904447918225,0.0,7718.750442972547,0.0,0.0,120.0,0.0,0.0,0.0,0.0,0.0,0.0,0.0,0.0,0.0,0.0,0.0,0.0,0.0,0.0,0.0,0.0,0.0,0.0,0.0,0.0,0.0,0.0,0.0,0.0,0.0,0.0,0.0,0.0,0.0,0.0,0.0,0.0,0.0,0.0,0.0,0.0
2030-01-03T08:00:00.0,0.0,0.0,0.0,0.0,0.0,0.0,0.0,0.0,0.0,0.0,75.0,0.0,0.0,0.0,0.0,0.0,0.0,5977.848633270434,0.0,0.0,0.0,0.0,0.0,0.0,0.0,0.0,0.0,0.0,0.0,0.0,0.0,0.0,0.0,0.0,0.0,0.0,0.0,0.0,0.0,0.0,0.0,0.0,0.0,0.0,32.0,0.0,0.0,0.0,0.0,0.0,0.0,0.0,0.0,0.0,0.0,0.0,0.0,0.0,0.0,0.0,0.0,0.0,0.0,0.0,0.0,0.0,0.0,0.0,0.0,120.0,0.0,0.0,0.0,0.0,0.0,0.0,0.0,0.0,0.0,0.0,0.0,0.0,0.0,0.0,0.0,0.0,0.0,0.0,0.0,0.0,0.0,0.0,0.0,0.0,0.0,0.0,0.0,0.0,0.0,0.0,0.0,0.0,0.0,0.0,0.0,0.0
2030-01-03T09:00:00.0,0.0,0.0,0.0,0.0,0.0,0.0,0.0,0.0,0.0,0.0,75.0,0.0,0.0,0.0,0.0,0.0,0.0,5977.848633270432,0.0,0.0,0.0,0.0,0.0,0.0,0.0,0.0,0.0,0.0,0.0,0.0,0.0,0.0,0.0,0.0,0.0,0.0,0.0,0.0,0.0,0.0,0.0,0.0,0.0,0.0,32.0,0.0,0.0,0.0,0.0,0.0,0.0,0.0,0.0,0.0,0.0,0.0,0.0,0.0,0.0,0.0,0.0,0.0,0.0,0.0,0.0,0.0,0.0,0.0,0.0,120.0,0.0,0.0,0.0,0.0,0.0,0.0,0.0,0.0,0.0,0.0,0.0,0.0,0.0,0.0,0.0,0.0,0.0,0.0,0.0,0.0,0.0,0.0,0.0,0.0,0.0,0.0,0.0,0.0,0.0,0.0,0.0,0.0,0.0,0.0,0.0,0.0
2030-01-03T10:00:00.0,0.0,0.0,0.0,0.0,0.0,0.0,0.0,0.0,0.0,0.0,75.0,0.0,0.0,0.0,0.0,0.0,0.0,5977.848633270432,0.0,0.0,0.0,0.0,0.0,0.0,0.0,0.0,0.0,0.0,0.0,0.0,0.0,0.0,0.0,0.0,0.0,0.0,0.0,0.0,0.0,0.0,0.0,0.0,0.0,0.0,32.0,0.0,0.0,0.0,0.0,0.0,0.0,0.0,0.0,0.0,0.0,0.0,0.0,0.0,0.0,0.0,0.0,0.0,0.0,0.0,0.0,0.0,0.0,0.0,0.0,120.0,0.0,0.0,0.0,0.0,0.0,0.0,0.0,0.0,0.0,0.0,0.0,0.0,0.0,0.0,0.0,0.0,0.0,0.0,0.0,0.0,0.0,0.0,0.0,0.0,0.0,0.0,0.0,0.0,0.0,0.0,0.0,0.0,0.0,0.0,0.0,0.0
2030-01-03T11:00:00.0,0.0,0.0,0.0,0.0,0.0,0.0,0.0,0.0,0.0,0.0,75.0,0.0,0.0,0.0,0.0,0.0,0.0,5977.848633269595,0.0,0.0,0.0,0.0,0.0,0.0,0.0,0.0,0.0,0.0,0.0,0.0,0.0,0.0,0.0,0.0,0.0,0.0,0.0,0.0,0.0,0.0,0.0,0.0,0.0,0.0,32.0,0.0,0.0,0.0,0.0,0.0,0.0,0.0,0.0,0.0,0.0,0.0,0.0,0.0,0.0,0.0,0.0,0.0,0.0,0.0,0.0,0.0,0.0,0.0,0.0,120.0,0.0,0.0,0.0,0.0,0.0,0.0,0.0,0.0,0.0,0.0,0.0,0.0,0.0,0.0,0.0,0.0,0.0,0.0,0.0,0.0,0.0,0.0,0.0,0.0,0.0,0.0,0.0,0.0,0.0,0.0,0.0,0.0,0.0,0.0,0.0,0.0
2030-01-03T12:00:00.0,0.0,0.0,0.0,0.0,0.0,0.0,0.0,0.0,0.0,0.0,75.0,0.0,0.0,0.0,0.0,0.0,0.0,5977.848633269853,0.0,0.0,0.0,0.0,0.0,0.0,0.0,0.0,0.0,0.0,0.0,0.0,0.0,0.0,0.0,0.0,0.0,0.0,0.0,0.0,0.0,0.0,0.0,0.0,0.0,0.0,32.0,0.0,0.0,0.0,0.0,0.0,0.0,0.0,0.0,0.0,0.0,0.0,0.0,0.0,0.0,0.0,0.0,0.0,0.0,0.0,0.0,0.0,0.0,0.0,0.0,120.0,0.0,0.0,0.0,0.0,0.0,0.0,0.0,0.0,0.0,0.0,0.0,0.0,0.0,0.0,0.0,0.0,0.0,0.0,0.0,0.0,0.0,0.0,0.0,0.0,0.0,0.0,0.0,0.0,0.0,0.0,0.0,0.0,0.0,0.0,0.0,0.0
2030-01-03T13:00:00.0,0.0,0.0,0.0,0.0,0.0,0.0,0.0,0.0,0.0,0.0,75.0,0.0,0.0,0.0,0.0,0.0,0.0,5977.848633269797,0.0,0.0,0.0,0.0,0.0,0.0,0.0,0.0,0.0,0.0,0.0,0.0,0.0,0.0,0.0,0.0,0.0,0.0,0.0,0.0,0.0,0.0,0.0,0.0,0.0,0.0,32.0,0.0,0.0,0.0,0.0,0.0,0.0,0.0,0.0,0.0,0.0,0.0,0.0,0.0,0.0,0.0,0.0,0.0,0.0,0.0,0.0,0.0,0.0,0.0,0.0,120.0,0.0,0.0,0.0,0.0,0.0,0.0,0.0,0.0,0.0,0.0,0.0,0.0,0.0,0.0,0.0,0.0,0.0,0.0,0.0,0.0,0.0,0.0,0.0,0.0,0.0,0.0,0.0,0.0,0.0,0.0,0.0,0.0,0.0,0.0,0.0,0.0
2030-01-03T14:00:00.0,0.0,0.0,0.0,0.0,0.0,0.0,0.0,0.0,0.0,0.0,75.0,0.0,0.0,0.0,0.0,0.0,0.0,5977.848633270432,0.0,0.0,0.0,0.0,0.0,0.0,0.0,0.0,0.0,0.0,0.0,0.0,0.0,0.0,0.0,0.0,0.0,0.0,0.0,0.0,0.0,0.0,0.0,0.0,0.0,0.0,32.0,0.0,0.0,0.0,0.0,0.0,0.0,0.0,0.0,0.0,0.0,0.0,0.0,0.0,0.0,0.0,0.0,0.0,0.0,0.0,0.0,0.0,0.0,0.0,0.0,120.0,0.0,0.0,0.0,0.0,0.0,0.0,0.0,0.0,0.0,0.0,0.0,0.0,0.0,0.0,0.0,0.0,0.0,0.0,0.0,0.0,0.0,0.0,0.0,0.0,0.0,0.0,0.0,0.0,0.0,0.0,0.0,0.0,0.0,0.0,0.0,0.0
2030-01-03T15:00:00.0,0.0,0.0,0.0,0.0,0.0,0.0,0.0,0.0,2077.7341656092194,2049.821623595567,75.0,0.0,0.0,0.0,0.0,0.0,6958.897033851517,8178.518031091664,0.0,0.0,0.0,0.0,0.0,0.0,0.0,0.0,0.0,0.0,0.0,0.0,0.0,0.0,0.0,0.0,0.0,0.0,0.0,0.0,0.0,0.0,0.0,0.0,0.0,0.0,32.0,0.0,0.0,0.0,0.0,0.0,0.0,0.0,0.0,0.0,0.0,0.0,0.0,0.0,0.0,0.0,0.0,0.0,0.0,0.0,0.0,0.0,0.0,7751.983108660329,0.0,120.0,0.0,0.0,0.0,0.0,0.0,0.0,0.0,0.0,0.0,0.0,0.0,0.0,0.0,0.0,0.0,0.0,0.0,0.0,0.0,0.0,0.0,0.0,0.0,0.0,0.0,0.0,0.0,0.0,0.0,0.0,0.0,0.0,0.0,0.0,0.0,0.0
2030-01-03T16:00:00.0,0.0,0.0,0.0,2079.3616812222776,0.0,0.0,0.0,0.0,1921.0169549538964,2049.821623595567,75.0,0.0,0.0,0.0,6491.363945098026,0.0,6696.226245459231,7705.9119840928015,0.0,0.0,0.0,0.0,0.0,0.0,0.0,0.0,0.0,0.0,0.0,6249.064260001975,0.0,0.0,0.0,0.0,0.0,0.0,0.0,0.0,0.0,0.0,0.0,0.0,0.0,0.0,32.0,0.0,7282.078576705795,0.0,0.0,0.0,0.0,6721.388801652836,0.0,0.0,0.0,7750.189610039326,0.0,7383.694293425219,0.0,0.0,0.0,2059.9755771091613,0.0,6029.551500100591,6887.535815465333,0.0,7558.930480781725,7751.983108660329,0.0,120.0,0.0,0.0,0.0,0.0,0.0,0.0,0.0,0.0,0.0,0.0,0.0,0.0,0.0,0.0,0.0,0.0,0.0,0.0,0.0,0.0,0.0,0.0,0.0,0.0,0.0,0.0,0.0,0.0,0.0,0.0,0.0,0.0,0.0,0.0,0.0,0.0
2030-01-03T17:00:00.0,0.0,0.0,0.0,2079.3616812222776,0.0,0.0,0.0,0.0,2077.7341656092194,2049.821623595567,75.0,0.0,0.0,0.0,6734.856908203169,0.0,6958.897033851517,8178.518031091664,0.0,0.0,0.0,0.0,0.0,0.0,0.0,0.0,0.0,0.0,0.0,6482.5939690987425,0.0,0.0,0.0,0.0,0.0,0.0,0.0,0.0,0.0,0.0,0.0,0.0,0.0,0.0,32.0,0.0,7618.332850482436,0.0,0.0,0.0,0.0,7061.945400515787,0.0,0.0,0.0,7750.189610039326,0.0,7763.3748911771345,0.0,0.0,0.0,2059.9755771091613,0.0,6238.4274120009395,7240.257238233851,0.0,7960.283748531378,7751.983108660329,0.0,120.0,0.0,0.0,0.0,0.0,0.0,0.0,0.0,0.0,0.0,0.0,0.0,0.0,0.0,0.0,0.0,0.0,0.0,0.0,0.0,0.0,0.0,0.0,0.0,0.0,0.0,0.0,0.0,0.0,0.0,0.0,0.0,0.0,0.0,0.0,0.0,0.0
2030-01-03T18:00:00.0,0.0,0.0,0.0,2079.361681219595,0.0,0.0,0.0,0.0,2077.7341387630704,2049.8216235912714,75.0,0.0,0.0,0.0,6734.85690820317,0.0,6958.897033851518,8178.51803748728,0.0,0.0,0.0,0.0,0.0,0.0,0.0,0.0,0.0,0.0,0.0,6482.5939722631465,0.0,0.0,0.0,0.0,0.0,0.0,0.0,0.0,0.0,0.0,0.0,0.0,0.0,0.0,32.0,0.0,7618.332855036824,0.0,0.0,0.0,0.0,7061.945400515787,0.0,0.0,0.0,7750.189610034274,0.0,7763.374896319203,0.0,0.0,0.0,2059.9755771091613,0.0,6238.427414831465,7240.25724301387,0.0,7960.283748530803,7751.983108656553,0.0,120.0,0.0,0.0,0.0,0.0,0.0,0.0,0.0,0.0,0.0,0.0,0.0,0.0,0.0,0.0,0.0,0.0,0.0,0.0,0.0,0.0,0.0,0.0,0.0,0.0,0.0,0.0,0.0,0.0,0.0,0.0,0.0,0.0,0.0,0.0,0.0,0.0
2030-01-03T19:00:00.0,0.0,0.0,0.0,2079.3616812222776,0.0,0.0,0.0,0.0,2077.7341656079775,2049.821623595567,75.0,0.0,0.0,0.0,6734.856908203172,0.0,6958.897033851519,8178.518031091669,0.0,0.0,0.0,0.0,0.0,0.0,0.0,0.0,0.0,0.0,0.0,6482.593969099082,0.0,0.0,0.0,0.0,0.0,0.0,0.0,0.0,0.0,0.0,0.0,0.0,0.0,0.0,32.0,0.0,7618.3328504824385,0.0,0.0,0.0,0.0,7061.945400515789,0.0,0.0,0.0,7750.189610039326,0.0,7763.374891177138,0.0,0.0,0.0,2059.9755771091613,0.0,6238.42741200094,7240.257238234494,0.0,7960.28374853138,7751.983108660329,0.0,120.0,0.0,0.0,0.0,0.0,0.0,0.0,0.0,0.0,0.0,0.0,0.0,0.0,0.0,0.0,0.0,0.0,0.0,0.0,0.0,0.0,0.0,0.0,0.0,0.0,0.0,0.0,0.0,0.0,0.0,0.0,0.0,0.0,0.0,0.0,0.0,0.0
2030-01-03T20:00:00.0,0.0,0.0,0.0,2079.3616812222776,0.0,0.0,0.0,0.0,2077.7341656092203,2049.821623595567,75.0,0.0,0.0,0.0,6734.856908202956,0.0,6958.897033851403,8178.5180310910855,0.0,0.0,0.0,0.0,0.0,0.0,0.0,0.0,0.0,0.0,0.0,6482.593969098744,0.0,0.0,0.0,0.0,0.0,0.0,0.0,0.0,0.0,0.0,0.0,0.0,0.0,0.0,32.0,0.0,7618.3328504824385,0.0,0.0,0.0,0.0,7061.945400515788,0.0,0.0,0.0,7750.189610039326,0.0,7763.374891177138,0.0,0.0,0.0,2059.9755771091613,0.0,6238.4274120009395,7240.257238234275,0.0,7960.28374853138,7751.983108660329,0.0,120.0,0.0,0.0,0.0,0.0,0.0,0.0,0.0,0.0,0.0,0.0,0.0,0.0,0.0,0.0,0.0,0.0,0.0,0.0,0.0,0.0,0.0,0.0,0.0,0.0,0.0,0.0,0.0,0.0,0.0,0.0,0.0,0.0,0.0,0.0,0.0,0.0
2030-01-03T21:00:00.0,0.0,0.0,0.0,2079.3616812222776,0.0,0.0,0.0,0.0,1848.9012152217795,2049.821623595567,75.0,0.0,0.0,0.0,6379.31706089977,0.0,6575.354401632574,7488.435329554921,0.0,0.0,0.0,0.0,0.0,0.0,0.0,0.0,0.0,0.0,0.0,6141.602114326781,0.0,0.0,0.0,0.0,0.0,0.0,0.0,0.0,0.0,0.0,0.0,0.0,0.0,0.0,32.0,0.0,7127.34620499921,0.0,0.0,0.0,0.0,6564.676651497699,0.0,0.0,0.0,7750.189610039326,0.0,7208.978657185748,0.0,0.0,0.0,2059.9755771091613,0.0,5933.434163426425,6725.225841873556,0.0,7374.241845263168,7751.983108660329,0.0,120.0,0.0,0.0,0.0,0.0,0.0,0.0,0.0,0.0,0.0,0.0,0.0,0.0,0.0,0.0,0.0,0.0,0.0,0.0,0.0,0.0,0.0,0.0,0.0,0.0,0.0,0.0,0.0,0.0,0.0,0.0,0.0,0.0,0.0,0.0,0.0,0.0
2030-01-03T22:00:00.0,0.0,0.0,0.0,2079.361681203227,0.0,0.0,0.0,0.0,0.0,2006.1386617074718,75.0,0.0,0.0,0.0,0.0,0.0,6375.209156064512,7128.327369673186,0.0,0.0,0.0,0.0,0.0,0.0,0.0,0.0,0.0,0.0,0.0,5963.66127339548,0.0,0.0,0.0,0.0,0.0,0.0,0.0,0.0,0.0,0.0,0.0,0.0,0.0,0.0,32.0,0.0,6871.133147000346,0.0,0.0,0.0,0.0,6305.185384261881,0.0,0.0,0.0,7504.891366054811,0.0,6919.676344813666,0.0,0.0,0.0,2059.975577102204,0.0,5774.278606743831,6456.465405247443,0.0,7068.425812315161,7741.52964374657,0.0,120.0,0.0,0.0,0.0,0.0,0.0,0.0,0.0,0.0,0.0,0.0,0.0,0.0,0.0,0.0,0.0,0.0,0.0,0.0,0.0,0.0,0.0,0.0,0.0,0.0,0.0,0.0,0.0,0.0,0.0,0.0,0.0,0.0,0.0,0.0,0.0,0.0
2030-01-03T23:00:00.0,0.0,0.0,0.0,2079.3616812222776,0.0,0.0,0.0,0.0,0.0,2049.821623595567,75.0,0.0,0.0,0.0,0.0,0.0,6459.566843268789,7280.106491068955,0.0,0.0,0.0,0.0,0.0,0.0,0.0,0.0,0.0,0.0,0.0,6038.66019609057,0.0,0.0,0.0,0.0,0.0,0.0,0.0,0.0,0.0,0.0,0.0,0.0,0.0,0.0,32.0,0.0,6979.122409013801,0.0,0.0,0.0,0.0,6414.5563533542845,0.0,0.0,0.0,7655.748369851082,0.0,7041.612161501648,0.0,0.0,0.0,2059.9755771091613,0.0,0.0,6569.7431839998,0.0,7197.32184894955,7751.983108660329,0.0,120.0,0.0,0.0,0.0,0.0,0.0,0.0,0.0,0.0,0.0,0.0,0.0,0.0,0.0,0.0,0.0,0.0,0.0,0.0,0.0,0.0,0.0,0.0,0.0,0.0,0.0,0.0,0.0,0.0,0.0,0.0,0.0,0.0,0.0,0.0,0.0,0.0
2030-01-04T00:00:00.0,0.0,0.0,0.0,2079.3616812222776,0.0,0.0,0.0,0.0,0.0,1901.0033983357807,75.0,0.0,0.0,0.0,0.0,0.0,6414.5633125967215,6876.460029978793,0.0,0.0,0.0,0.0,0.0,0.0,0.0,0.0,0.0,0.0,0.0,5839.20561603406,0.0,0.0,0.0,0.0,0.0,0.0,0.0,0.0,0.0,0.0,0.0,0.0,0.0,0.0,32.0,0.0,6691.9321614529,0.0,0.0,0.0,0.0,6123.691547868075,0.0,0.0,0.0,7254.554219139147,0.0,6717.332075369941,0.0,0.0,0.0,2059.9755771091613,0.0,0.0,6268.488566214939,0.0,6854.531427195788,7441.275662228908,0.0,120.0,0.0,0.0,0.0,0.0,0.0,0.0,0.0,0.0,0.0,0.0,0.0,0.0,0.0,0.0,0.0,0.0,0.0,0.0,0.0,0.0,0.0,0.0,0.0,0.0,0.0,0.0,0.0,0.0,0.0,0.0,0.0,0.0,0.0,0.0,0.0,0.0
2030-01-04T01:00:00.0,0.0,0.0,0.0,2026.7642838837867,0.0,0.0,0.0,0.0,0.0,1823.971853250127,75.0,0.0,0.0,0.0,0.0,0.0,6132.65700810802,6691.919407663067,0.0,0.0,0.0,0.0,0.0,0.0,0.0,0.0,0.0,0.0,0.0,5748.018213503783,0.0,0.0,0.0,0.0,0.0,0.0,0.0,0.0,0.0,0.0,0.0,0.0,0.0,0.0,32.0,0.0,6560.633433192632,0.0,0.0,0.0,0.0,5990.712871257857,0.0,0.0,0.0,7071.134753397142,0.0,6569.076473827641,0.0,0.0,0.0,2059.9755771091613,0.0,0.0,6130.7598357527495,0.0,6697.813200103049,7221.28245135062,0.0,120.0,0.0,0.0,0.0,0.0,0.0,0.0,0.0,0.0,0.0,0.0,0.0,0.0,0.0,0.0,0.0,0.0,0.0,0.0,0.0,0.0,0.0,0.0,0.0,0.0,0.0,0.0,0.0,0.0,0.0,0.0,0.0,0.0,0.0,0.0,0.0,0.0
2030-01-04T02:00:00.0,0.0,0.0,0.0,2026.7671402654491,0.0,0.0,0.0,0.0,0.0,1823.9736545824276,75.0,0.0,0.0,0.0,0.0,0.0,6132.659406552732,6691.923723024828,0.0,0.0,0.0,0.0,0.0,0.0,0.0,0.0,0.0,0.0,0.0,5748.020345861554,0.0,0.0,0.0,0.0,0.0,0.0,0.0,0.0,0.0,0.0,0.0,0.0,0.0,0.0,32.0,0.0,6560.636503527519,0.0,0.0,0.0,0.0,5990.7159808772385,0.0,0.0,0.0,7071.139042541386,0.0,6569.07994068792,0.0,0.0,0.0,2059.9755771091613,0.0,0.0,6130.763056449034,0.0,6697.8168648562905,7221.287595747974,0.0,120.0,0.0,0.0,0.0,0.0,0.0,0.0,0.0,0.0,0.0,0.0,0.0,0.0,0.0,0.0,0.0,0.0,0.0,0.0,0.0,0.0,0.0,0.0,0.0,0.0,0.0,0.0,0.0,0.0,0.0,0.0,0.0,0.0,0.0,0.0,0.0,0.0
2030-01-04T03:00:00.0,0.0,0.0,0.0,2079.3616812222776,0.0,0.0,0.0,0.0,0.0,1877.5203929554832,75.0,0.0,0.0,0.0,0.0,0.0,6203.95601935742,6820.202967733645,0.0,0.0,0.0,0.0,0.0,0.0,0.0,0.0,0.0,0.0,0.0,5811.407208747113,0.0,0.0,0.0,0.0,0.0,0.0,0.0,0.0,0.0,0.0,0.0,0.0,0.0,0.0,32.0,0.0,6651.90584835307,0.0,0.0,0.0,0.0,6083.153103847119,0.0,0.0,0.0,7198.638940585648,0.0,6672.136472908563,0.0,0.0,0.0,2059.9755771091613,0.0,0.0,6226.502072047274,0.0,6806.756000052048,7374.21090649878,0.0,120.0,0.0,0.0,0.0,0.0,0.0,0.0,0.0,0.0,0.0,0.0,0.0,0.0,0.0,0.0,0.0,0.0,0.0,0.0,0.0,0.0,0.0,0.0,0.0,0.0,0.0,0.0,0.0,0.0,0.0,0.0,0.0,0.0,0.0,0.0,0.0,0.0
2030-01-04T04:00:00.0,0.0,0.0,0.0,2079.3616812222776,0.0,0.0,0.0,0.0,0.0,2049.821623595567,75.0,0.0,0.0,0.0,0.0,0.0,6794.407020123339,7856.7336025775585,0.0,0.0,0.0,0.0,0.0,0.0,0.0,0.0,0.0,0.0,0.0,6323.5900281632385,0.0,0.0,0.0,0.0,0.0,0.0,0.0,0.0,0.0,0.0,0.0,0.0,0.0,0.0,32.0,0.0,7389.386585385446,0.0,0.0,0.0,0.0,6830.069800874791,0.0,0.0,0.0,7750.189610039326,0.0,7504.86083926999,0.0,0.0,0.0,2059.9755771091613,0.0,0.0,7000.098945357784,0.0,7687.013373098791,7751.983108660329,0.0,120.0,0.0,0.0,0.0,0.0,0.0,0.0,0.0,0.0,0.0,0.0,0.0,0.0,0.0,0.0,0.0,0.0,0.0,0.0,0.0,0.0,0.0,0.0,0.0,0.0,0.0,0.0,0.0,0.0,0.0,0.0,0.0,0.0,0.0,0.0,0.0,0.0
2030-01-04T05:00:00.0,0.0,0.0,0.0,2079.3616812222776,0.0,0.0,0.0,0.0,0.0,2049.821623595567,75.0,0.0,0.0,0.0,0.0,0.0,6794.407020123339,7882.56210986161,0.0,0.0,0.0,0.0,0.0,0.0,0.0,0.0,0.0,0.0,0.0,6336.352716729649,0.0,0.0,0.0,0.0,0.0,0.0,0.0,0.0,0.0,0.0,0.0,0.0,0.0,0.0,32.0,0.0,7407.763298960495,0.0,0.0,0.0,0.0,6848.681641857827,0.0,0.0,0.0,7750.189610039326,0.0,7525.610855370976,0.0,0.0,0.0,2059.9755771091613,0.0,0.0,7019.375609071858,0.0,7708.947827525219,7751.983108660329,0.0,120.0,0.0,0.0,0.0,0.0,0.0,0.0,0.0,0.0,0.0,0.0,0.0,0.0,0.0,0.0,0.0,0.0,0.0,0.0,0.0,0.0,0.0,0.0,0.0,0.0,0.0,0.0,0.0,0.0,0.0,0.0,0.0,0.0,0.0,0.0,0.0,0.0
2030-01-04T06:00:00.0,0.0,0.0,0.0,2079.3616812222776,0.0,0.0,0.0,0.0,0.0,2049.821623595567,75.0,0.0,0.0,0.0,0.0,0.0,6826.891394875025,7941.0090808194045,0.0,0.0,0.0,0.0,0.0,0.0,0.0,0.0,0.0,0.0,0.0,6365.233227700752,0.0,0.0,0.0,0.0,0.0,0.0,0.0,0.0,0.0,0.0,0.0,0.0,0.0,0.0,32.0,0.0,7449.347709271485,0.0,0.0,0.0,0.0,6890.798118719738,0.0,0.0,0.0,7750.189610039326,0.0,7572.565779056277,0.0,0.0,0.0,2059.9755771091613,0.0,0.0,7062.996504072443,0.0,7758.583000272035,7751.983108660329,0.0,120.0,0.0,0.0,0.0,0.0,0.0,0.0,0.0,0.0,0.0,0.0,0.0,0.0,0.0,0.0,0.0,0.0,0.0,0.0,0.0,0.0,0.0,0.0,0.0,0.0,0.0,0.0,0.0,0.0,0.0,0.0,0.0,0.0,0.0,0.0,0.0,0.0
2030-01-04T07:00:00.0,0.0,0.0,0.0,0.0,0.0,0.0,0.0,0.0,0.0,2049.821623595567,75.0,0.0,0.0,0.0,0.0,0.0,7070.123861733302,8378.641051116745,0.0,0.0,0.0,0.0,0.0,0.0,0.0,0.0,0.0,0.0,0.0,6581.481130925803,0.0,0.0,0.0,0.0,0.0,0.0,0.0,0.0,0.0,0.0,0.0,0.0,0.0,0.0,32.0,0.0,7760.71829220888,0.0,0.0,0.0,0.0,7206.152643496931,0.0,0.0,0.0,7750.189610039326,0.0,7924.149025045177,0.0,0.0,0.0,2059.9755771091613,0.0,0.0,0.0,0.0,8130.235082309358,7751.983108660329,0.0,120.0,0.0,0.0,0.0,0.0,0.0,0.0,0.0,0.0,0.0,0.0,0.0,0.0,0.0,0.0,0.0,0.0,0.0,0.0,0.0,0.0,0.0,0.0,0.0,0.0,0.0,0.0,0.0,0.0,0.0,0.0,0.0,0.0,0.0,0.0,0.0,0.0
2030-01-04T08:00:00.0,0.0,0.0,0.0,0.0,0.0,0.0,0.0,0.0,0.0,2049.821623595567,75.0,0.0,0.0,0.0,0.0,0.0,0.0,8625.492462263797,0.0,0.0,0.0,0.0,0.0,0.0,0.0,0.0,0.0,0.0,0.0,7641.172824696105,0.0,0.0,0.0,0.0,0.0,0.0,0.0,0.0,0.0,0.0,0.0,0.0,0.0,0.0,32.0,0.0,0.0,0.0,0.0,0.0,0.0,0.0,0.0,0.0,0.0,7750.189610039326,0.0,0.0,0.0,0.0,0.0,0.0,0.0,0.0,0.0,0.0,0.0,7751.983108660329,0.0,120.0,0.0,0.0,0.0,0.0,0.0,0.0,0.0,0.0,0.0,0.0,0.0,0.0,0.0,0.0,0.0,0.0,0.0,0.0,0.0,0.0,0.0,0.0,0.0,0.0,0.0,0.0,0.0,0.0,0.0,0.0,0.0,0.0,0.0,0.0,0.0,0.0
2030-01-04T09:00:00.0,0.0,0.0,0.0,0.0,0.0,0.0,0.0,0.0,0.0,0.0,75.0,0.0,0.0,0.0,0.0,0.0,0.0,5763.978243903769,0.0,0.0,0.0,0.0,0.0,0.0,0.0,0.0,0.0,0.0,0.0,0.0,0.0,0.0,0.0,0.0,0.0,0.0,0.0,0.0,0.0,0.0,0.0,0.0,0.0,0.0,32.0,0.0,0.0,0.0,0.0,0.0,0.0,0.0,0.0,0.0,0.0,0.0,0.0,0.0,0.0,0.0,0.0,0.0,0.0,0.0,0.0,0.0,0.0,6115.07204867687,0.0,120.0,0.0,0.0,0.0,0.0,0.0,0.0,0.0,0.0,0.0,0.0,0.0,0.0,0.0,0.0,0.0,0.0,0.0,0.0,0.0,0.0,0.0,0.0,0.0,0.0,0.0,0.0,0.0,0.0,0.0,0.0,0.0,0.0,0.0,0.0,0.0,0.0
2030-01-04T10:00:00.0,0.0,0.0,0.0,0.0,0.0,0.0,0.0,0.0,0.0,0.0,75.0,0.0,0.0,0.0,0.0,0.0,0.0,5763.978243903766,0.0,0.0,0.0,0.0,0.0,0.0,0.0,0.0,0.0,0.0,0.0,0.0,0.0,0.0,0.0,0.0,0.0,0.0,0.0,0.0,0.0,0.0,0.0,0.0,0.0,0.0,32.0,0.0,0.0,0.0,0.0,0.0,0.0,0.0,0.0,0.0,0.0,0.0,0.0,0.0,0.0,0.0,0.0,0.0,0.0,0.0,0.0,0.0,0.0,6115.072048676866,0.0,120.0,0.0,0.0,0.0,0.0,0.0,0.0,0.0,0.0,0.0,0.0,0.0,0.0,0.0,0.0,0.0,0.0,0.0,0.0,0.0,0.0,0.0,0.0,0.0,0.0,0.0,0.0,0.0,0.0,0.0,0.0,0.0,0.0,0.0,0.0,0.0,0.0
2030-01-04T11:00:00.0,0.0,0.0,0.0,0.0,0.0,0.0,0.0,0.0,0.0,0.0,75.0,0.0,0.0,0.0,0.0,0.0,0.0,5763.978243903764,0.0,0.0,0.0,0.0,0.0,0.0,0.0,0.0,0.0,0.0,0.0,0.0,0.0,0.0,0.0,0.0,0.0,0.0,0.0,0.0,0.0,0.0,0.0,0.0,0.0,0.0,32.0,0.0,0.0,0.0,0.0,0.0,0.0,0.0,0.0,0.0,0.0,0.0,0.0,0.0,0.0,0.0,0.0,0.0,0.0,0.0,0.0,0.0,0.0,6115.072048676863,0.0,120.0,0.0,0.0,0.0,0.0,0.0,0.0,0.0,0.0,0.0,0.0,0.0,0.0,0.0,0.0,0.0,0.0,0.0,0.0,0.0,0.0,0.0,0.0,0.0,0.0,0.0,0.0,0.0,0.0,0.0,0.0,0.0,0.0,0.0,0.0,0.0,0.0
2030-01-04T12:00:00.0,0.0,0.0,0.0,0.0,0.0,0.0,0.0,0.0,0.0,0.0,75.0,0.0,0.0,0.0,0.0,0.0,0.0,5763.978243903769,0.0,0.0,0.0,0.0,0.0,0.0,0.0,0.0,0.0,0.0,0.0,0.0,0.0,0.0,0.0,0.0,0.0,0.0,0.0,0.0,0.0,0.0,0.0,0.0,0.0,0.0,32.0,0.0,0.0,0.0,0.0,0.0,0.0,0.0,0.0,0.0,0.0,0.0,0.0,0.0,0.0,0.0,0.0,0.0,0.0,0.0,0.0,0.0,0.0,6115.072048676868,0.0,120.0,0.0,0.0,0.0,0.0,0.0,0.0,0.0,0.0,0.0,0.0,0.0,0.0,0.0,0.0,0.0,0.0,0.0,0.0,0.0,0.0,0.0,0.0,0.0,0.0,0.0,0.0,0.0,0.0,0.0,0.0,0.0,0.0,0.0,0.0,0.0,0.0
2030-01-04T13:00:00.0,0.0,0.0,0.0,0.0,0.0,0.0,0.0,0.0,0.0,0.0,75.0,0.0,0.0,0.0,0.0,0.0,0.0,5763.978243903766,0.0,0.0,0.0,0.0,0.0,0.0,0.0,0.0,0.0,0.0,0.0,0.0,0.0,0.0,0.0,0.0,0.0,0.0,0.0,0.0,0.0,0.0,0.0,0.0,0.0,0.0,32.0,0.0,0.0,0.0,0.0,0.0,0.0,0.0,0.0,0.0,0.0,0.0,0.0,0.0,0.0,0.0,0.0,0.0,0.0,0.0,0.0,0.0,0.0,6115.072048676866,0.0,120.0,0.0,0.0,0.0,0.0,0.0,0.0,0.0,0.0,0.0,0.0,0.0,0.0,0.0,0.0,0.0,0.0,0.0,0.0,0.0,0.0,0.0,0.0,0.0,0.0,0.0,0.0,0.0,0.0,0.0,0.0,0.0,0.0,0.0,0.0,0.0,0.0
2030-01-04T14:00:00.0,0.0,0.0,0.0,0.0,0.0,0.0,0.0,0.0,0.0,0.0,75.0,0.0,0.0,0.0,0.0,0.0,0.0,5763.978243903764,0.0,0.0,0.0,0.0,0.0,0.0,0.0,0.0,0.0,0.0,0.0,0.0,0.0,0.0,0.0,0.0,0.0,0.0,0.0,0.0,0.0,0.0,0.0,0.0,0.0,0.0,32.0,0.0,0.0,0.0,0.0,0.0,0.0,0.0,0.0,0.0,0.0,0.0,0.0,0.0,0.0,0.0,0.0,0.0,0.0,0.0,0.0,0.0,0.0,6115.072048676863,0.0,120.0,0.0,0.0,0.0,0.0,0.0,0.0,0.0,0.0,0.0,0.0,0.0,0.0,0.0,0.0,0.0,0.0,0.0,0.0,0.0,0.0,0.0,0.0,0.0,0.0,0.0,0.0,0.0,0.0,0.0,0.0,0.0,0.0,0.0,0.0,0.0,0.0
2030-01-04T15:00:00.0,0.0,0.0,0.0,2079.3616812222776,0.0,0.0,0.0,0.0,2123.6782673562434,0.0,75.0,0.0,0.0,0.0,8233.085703520308,0.0,0.0,8625.492462263797,0.0,0.0,0.0,0.0,0.0,0.0,0.0,0.0,0.0,0.0,0.0,0.0,0.0,0.0,0.0,0.0,0.0,0.0,0.0,0.0,0.0,0.0,0.0,0.0,0.0,0.0,32.0,0.0,0.0,0.0,0.0,0.0,0.0,0.0,0.0,0.0,0.0,0.0,0.0,0.0,0.0,0.0,0.0,0.0,0.0,7523.65513220558,9410.576189465286,0.0,0.0,7751.983108660329,0.0,120.0,0.0,0.0,0.0,0.0,0.0,0.0,0.0,0.0,0.0,0.0,0.0,0.0,0.0,0.0,0.0,0.0,0.0,0.0,0.0,0.0,0.0,0.0,0.0,0.0,0.0,0.0,0.0,0.0,0.0,0.0,0.0,0.0,0.0,0.0,0.0,0.0
2030-01-04T16:00:00.0,0.0,0.0,0.0,2079.3616812222776,0.0,0.0,0.0,0.0,1979.5945274341263,0.0,75.0,0.0,0.0,0.0,6582.37645505118,0.0,6794.407020123337,7882.562109861608,0.0,0.0,0.0,0.0,0.0,0.0,0.0,0.0,0.0,0.0,0.0,0.0,0.0,0.0,0.0,0.0,0.0,0.0,0.0,0.0,0.0,0.0,0.0,0.0,0.0,0.0,32.0,0.0,7407.763298960494,0.0,0.0,0.0,0.0,6848.681641857824,0.0,0.0,0.0,0.0,0.0,7525.610855370973,0.0,0.0,0.0,2059.9755771091613,0.0,6107.6248898542335,7019.375609071855,0.0,7708.947827525215,7751.983108660329,0.0,120.0,0.0,0.0,0.0,0.0,0.0,0.0,0.0,0.0,0.0,0.0,0.0,0.0,0.0,0.0,0.0,0.0,0.0,0.0,0.0,0.0,0.0,0.0,0.0,0.0,0.0,0.0,0.0,0.0,0.0,0.0,0.0,0.0,0.0,0.0,0.0,0.0
2030-01-04T17:00:00.0,0.0,0.0,0.0,2079.3616812222776,0.0,0.0,0.0,0.0,1979.59452743413,2049.821623595567,75.0,0.0,0.0,0.0,6582.37645505118,0.0,6794.407020123337,7882.562109861618,0.0,0.0,0.0,0.0,0.0,0.0,0.0,0.0,0.0,0.0,0.0,0.0,0.0,0.0,0.0,0.0,0.0,0.0,0.0,0.0,0.0,0.0,0.0,0.0,0.0,0.0,32.0,0.0,7407.7632989605,0.0,0.0,0.0,0.0,6848.681641857832,0.0,0.0,0.0,7750.189610039326,0.0,7525.61085537098,0.0,0.0,0.0,2059.9755771091613,0.0,6107.624889854238,7019.375609071862,0.0,7708.947827525222,7751.983108660329,0.0,120.0,0.0,0.0,0.0,0.0,0.0,0.0,0.0,0.0,0.0,0.0,0.0,0.0,0.0,0.0,0.0,0.0,0.0,0.0,0.0,0.0,0.0,0.0,0.0,0.0,0.0,0.0,0.0,0.0,0.0,0.0,0.0,0.0,0.0,0.0,0.0,0.0
2030-01-04T18:00:00.0,0.0,0.0,0.0,2079.3616812222776,0.0,0.0,0.0,0.0,1979.594527434127,2049.821623595567,75.0,0.0,0.0,0.0,6582.3764550511805,0.0,6794.407020123339,7882.56210986161,0.0,0.0,0.0,0.0,0.0,0.0,0.0,0.0,0.0,0.0,0.0,0.0,0.0,0.0,0.0,0.0,0.0,0.0,0.0,0.0,0.0,0.0,0.0,0.0,0.0,0.0,32.0,0.0,7407.763298960494,0.0,0.0,0.0,0.0,6848.681641857826,0.0,0.0,0.0,7750.189610039326,0.0,7525.610855370973,0.0,0.0,0.0,2059.9755771091613,0.0,6107.624889854234,7019.375609071856,0.0,7708.947827525217,7751.983108660329,0.0,120.0,0.0,0.0,0.0,0.0,0.0,0.0,0.0,0.0,0.0,0.0,0.0,0.0,0.0,0.0,0.0,0.0,0.0,0.0,0.0,0.0,0.0,0.0,0.0,0.0,0.0,0.0,0.0,0.0,0.0,0.0,0.0,0.0,0.0,0.0,0.0,0.0
2030-01-04T19:00:00.0,0.0,0.0,0.0,2079.3616812222776,0.0,0.0,0.0,0.0,1979.5945274341284,2049.821623595567,75.0,0.0,0.0,0.0,6582.376455051182,0.0,6794.407020123341,7882.562109861613,0.0,0.0,0.0,0.0,0.0,0.0,0.0,0.0,0.0,0.0,0.0,0.0,0.0,0.0,0.0,0.0,0.0,0.0,0.0,0.0,0.0,0.0,0.0,0.0,0.0,0.0,32.0,0.0,7407.763298960496,0.0,0.0,0.0,0.0,6848.681641857829,0.0,0.0,0.0,7750.189610039326,0.0,7525.610855370976,0.0,0.0,0.0,2059.9755771091613,0.0,6107.624889854236,7019.37560907186,0.0,7708.94782752522,7751.983108660329,0.0,120.0,0.0,0.0,0.0,0.0,0.0,0.0,0.0,0.0,0.0,0.0,0.0,0.0,0.0,0.0,0.0,0.0,0.0,0.0,0.0,0.0,0.0,0.0,0.0,0.0,0.0,0.0,0.0,0.0,0.0,0.0,0.0,0.0,0.0,0.0,0.0,0.0
2030-01-04T20:00:00.0,0.0,0.0,0.0,2079.3616812222776,0.0,0.0,0.0,0.0,1979.594527434127,2049.821623595567,75.0,0.0,0.0,0.0,6582.3764550511805,0.0,6794.407020123339,7882.56210986161,0.0,0.0,0.0,0.0,0.0,0.0,0.0,0.0,0.0,0.0,0.0,0.0,0.0,0.0,0.0,0.0,0.0,0.0,0.0,0.0,0.0,0.0,0.0,0.0,0.0,0.0,32.0,0.0,7407.763298960494,0.0,0.0,0.0,0.0,6848.681641857826,0.0,0.0,0.0,7750.189610039326,0.0,7525.610855370973,0.0,0.0,0.0,2059.9755771091613,0.0,6107.624889854234,7019.375609071856,0.0,7708.947827525217,7751.983108660329,0.0,120.0,0.0,0.0,0.0,0.0,0.0,0.0,0.0,0.0,0.0,0.0,0.0,0.0,0.0,0.0,0.0,0.0,0.0,0.0,0.0,0.0,0.0,0.0,0.0,0.0,0.0,0.0,0.0,0.0,0.0,0.0,0.0,0.0,0.0,0.0,0.0,0.0
2030-01-04T21:00:00.0,0.0,0.0,0.0,2079.3616812222776,0.0,0.0,0.0,0.0,1746.3124398894636,2027.3166264191802,75.0,0.0,0.0,0.0,6219.923942666845,0.0,6403.4072722508345,7179.062317019764,0.0,0.0,0.0,0.0,0.0,0.0,0.0,0.0,0.0,0.0,0.0,0.0,0.0,0.0,0.0,0.0,0.0,0.0,0.0,0.0,0.0,0.0,0.0,0.0,0.0,0.0,32.0,0.0,6907.230532936404,0.0,0.0,0.0,0.0,6341.744631059097,0.0,0.0,0.0,7555.3180787429455,0.0,6960.435645361055,0.0,0.0,0.0,2059.9755771091613,0.0,5796.70174004549,6494.330596582673,0.0,7111.5116700505805,7751.983108660329,0.0,120.0,0.0,0.0,0.0,0.0,0.0,0.0,0.0,0.0,0.0,0.0,0.0,0.0,0.0,0.0,0.0,0.0,0.0,0.0,0.0,0.0,0.0,0.0,0.0,0.0,0.0,0.0,0.0,0.0,0.0,0.0,0.0,0.0,0.0,0.0,0.0,0.0
2030-01-04T22:00:00.0,0.0,0.0,0.0,2079.3616812222776,0.0,0.0,0.0,0.0,0.0,2049.821623595567,75.0,0.0,0.0,0.0,0.0,0.0,6707.790807979016,7726.719330852591,0.0,0.0,0.0,0.0,0.0,0.0,0.0,0.0,0.0,0.0,0.0,0.0,0.0,0.0,0.0,0.0,0.0,0.0,0.0,0.0,0.0,0.0,0.0,0.0,0.0,0.0,32.0,0.0,7296.88278693197,0.0,0.0,0.0,0.0,6736.382429620306,0.0,0.0,0.0,7750.189610039326,0.0,7400.410427096291,0.0,0.0,0.0,2059.9755771091613,0.0,6038.747644661747,6903.065022084188,0.0,7576.600793441234,7751.983108660329,0.0,120.0,0.0,0.0,0.0,0.0,0.0,0.0,0.0,0.0,0.0,0.0,0.0,0.0,0.0,0.0,0.0,0.0,0.0,0.0,0.0,0.0,0.0,0.0,0.0,0.0,0.0,0.0,0.0,0.0,0.0,0.0,0.0,0.0,0.0,0.0,0.0,0.0
2030-01-04T23:00:00.0,0.0,0.0,0.0,0.0,0.0,0.0,0.0,0.0,0.0,2049.821623595567,75.0,0.0,0.0,0.0,0.0,0.0,0.0,7367.234829570042,0.0,0.0,0.0,0.0,0.0,0.0,0.0,0.0,0.0,0.0,0.0,0.0,0.0,0.0,0.0,0.0,0.0,0.0,0.0,0.0,0.0,0.0,0.0,0.0,0.0,0.0,32.0,0.0,7041.113313222691,0.0,0.0,0.0,0.0,6477.34042226947,0.0,0.0,0.0,7742.347369563551,0.0,7111.609022213215,0.0,0.0,0.0,2059.9755771091613,0.0,5879.867635621966,6634.769926071278,0.0,7271.314222921638,7751.983108660329,0.0,120.0,0.0,0.0,0.0,0.0,0.0,0.0,0.0,0.0,0.0,0.0,0.0,0.0,0.0,0.0,0.0,0.0,0.0,0.0,0.0,0.0,0.0,0.0,0.0,0.0,0.0,0.0,0.0,0.0,0.0,0.0,0.0,0.0,0.0,0.0,0.0,0.0
2030-01-05T00:00:00.0,0.0,0.0,0.0,0.0,0.0,0.0,0.0,0.0,0.0,1902.4200554072188,75.0,0.0,0.0,0.0,0.0,0.0,0.0,6879.853844516571,0.0,0.0,0.0,0.0,0.0,0.0,0.0,0.0,0.0,0.0,0.0,0.0,0.0,0.0,0.0,0.0,0.0,0.0,0.0,0.0,0.0,0.0,0.0,0.0,0.0,0.0,32.0,0.0,6694.346825103483,0.0,0.0,0.0,0.0,6126.13710679281,0.0,0.0,0.0,7257.927414924094,0.0,6720.058586256852,0.0,0.0,0.0,2059.9755771091613,0.0,5664.46170008137,6271.021481525655,0.0,6857.413570925273,7445.321471481755,0.0,120.0,0.0,0.0,0.0,0.0,0.0,0.0,0.0,0.0,0.0,0.0,0.0,0.0,0.0,0.0,0.0,0.0,0.0,0.0,0.0,0.0,0.0,0.0,0.0,0.0,0.0,0.0,0.0,0.0,0.0,0.0,0.0,0.0,0.0,0.0,0.0,0.0
2030-01-05T01:00:00.0,0.0,0.0,0.0,0.0,0.0,0.0,0.0,0.0,0.0,1867.4877838984544,75.0,0.0,0.0,0.0,0.0,0.0,0.0,6796.168347672057,0.0,0.0,0.0,0.0,0.0,0.0,0.0,0.0,0.0,0.0,0.0,0.0,0.0,0.0,0.0,0.0,0.0,0.0,0.0,0.0,0.0,0.0,0.0,0.0,0.0,0.0,32.0,0.0,6634.805466828908,0.0,0.0,0.0,0.0,6065.833925400049,0.0,0.0,0.0,7174.7503402564125,0.0,6652.827623667904,0.0,0.0,0.0,2059.9755771091613,0.0,5627.475536706543,6208.56424531523,0.0,6786.344976193814,7345.558931810287,0.0,120.0,0.0,0.0,0.0,0.0,0.0,0.0,0.0,0.0,0.0,0.0,0.0,0.0,0.0,0.0,0.0,0.0,0.0,0.0,0.0,0.0,0.0,0.0,0.0,0.0,0.0,0.0,0.0,0.0,0.0,0.0,0.0,0.0,0.0,0.0,0.0,0.0
2030-01-05T02:00:00.0,0.0,0.0,0.0,0.0,0.0,0.0,0.0,0.0,0.0,1893.5321671007277,75.0,0.0,0.0,0.0,0.0,0.0,0.0,6858.561574741649,0.0,0.0,0.0,0.0,0.0,0.0,0.0,0.0,0.0,0.0,0.0,0.0,0.0,0.0,0.0,0.0,0.0,0.0,0.0,0.0,0.0,0.0,0.0,0.0,0.0,0.0,32.0,0.0,6679.197597208987,0.0,0.0,0.0,0.0,6110.794046705641,0.0,0.0,0.0,7236.764504028997,0.0,6702.952876824946,0.0,0.0,0.0,2059.9755771091613,0.0,5655.051235924267,6255.1303609258075,0.0,6839.331445005954,7419.9386872693,0.0,120.0,0.0,0.0,0.0,0.0,0.0,0.0,0.0,0.0,0.0,0.0,0.0,0.0,0.0,0.0,0.0,0.0,0.0,0.0,0.0,0.0,0.0,0.0,0.0,0.0,0.0,0.0,0.0,0.0,0.0,0.0,0.0,0.0,0.0,0.0,0.0,0.0
2030-01-05T03:00:00.0,0.0,0.0,0.0,0.0,0.0,0.0,0.0,0.0,0.0,1959.7519790050524,75.0,0.0,0.0,0.0,0.0,0.0,0.0,7017.20106827444,0.0,0.0,0.0,0.0,0.0,0.0,0.0,0.0,0.0,0.0,0.0,0.0,0.0,0.0,0.0,0.0,0.0,0.0,0.0,0.0,0.0,0.0,0.0,0.0,0.0,0.0,32.0,0.0,6792.067942455273,0.0,0.0,0.0,0.0,6225.108551790843,0.0,0.0,0.0,7394.44020049234,0.0,6830.400119859953,0.0,0.0,0.0,2059.9755771091613,0.0,5725.164534485595,6373.528227863129,0.0,6974.05354500435,7609.054834795212,0.0,120.0,0.0,0.0,0.0,0.0,0.0,0.0,0.0,0.0,0.0,0.0,0.0,0.0,0.0,0.0,0.0,0.0,0.0,0.0,0.0,0.0,0.0,0.0,0.0,0.0,0.0,0.0,0.0,0.0,0.0,0.0,0.0,0.0,0.0,0.0,0.0,0.0
2030-01-05T04:00:00.0,0.0,0.0,0.0,0.0,0.0,0.0,0.0,0.0,0.0,2049.821623595567,75.0,0.0,0.0,0.0,0.0,0.0,0.0,7924.475971971016,0.0,0.0,0.0,0.0,0.0,0.0,0.0,0.0,0.0,0.0,0.0,0.0,0.0,0.0,0.0,0.0,0.0,0.0,0.0,0.0,0.0,0.0,0.0,0.0,0.0,0.0,32.0,0.0,7437.584574744564,0.0,0.0,0.0,0.0,6878.884476577841,0.0,0.0,0.0,7750.189610039326,0.0,7559.2834677314095,0.0,0.0,0.0,2059.9755771091613,0.0,6126.14940138971,7050.657301658865,0.0,7744.542517073614,7751.983108660329,0.0,120.0,0.0,0.0,0.0,0.0,0.0,0.0,0.0,0.0,0.0,0.0,0.0,0.0,0.0,0.0,0.0,0.0,0.0,0.0,0.0,0.0,0.0,0.0,0.0,0.0,0.0,0.0,0.0,0.0,0.0,0.0,0.0,0.0,0.0,0.0,0.0,0.0
2030-01-05T05:00:00.0,0.0,0.0,0.0,0.0,0.0,0.0,0.0,0.0,0.0,2049.821623595567,75.0,0.0,0.0,0.0,0.0,0.0,0.0,7924.475971971015,0.0,0.0,0.0,0.0,0.0,0.0,0.0,0.0,0.0,0.0,0.0,0.0,0.0,0.0,0.0,0.0,0.0,0.0,0.0,0.0,0.0,0.0,0.0,0.0,0.0,0.0,32.0,0.0,7437.584574745424,0.0,0.0,0.0,0.0,6878.884476577849,0.0,0.0,0.0,7750.189610039326,0.0,7559.2834677314095,0.0,0.0,0.0,2059.9755771091613,0.0,6126.149401389714,7050.657301658865,0.0,7744.54251707361,7751.983108660329,0.0,120.0,0.0,0.0,0.0,0.0,0.0,0.0,0.0,0.0,0.0,0.0,0.0,0.0,0.0,0.0,0.0,0.0,0.0,0.0,0.0,0.0,0.0,0.0,0.0,0.0,0.0,0.0,0.0,0.0,0.0,0.0,0.0,0.0,0.0,0.0,0.0,0.0
2030-01-05T06:00:00.0,0.0,0.0,0.0,0.0,0.0,0.0,0.0,0.0,0.0,2049.821623595567,75.0,0.0,0.0,0.0,0.0,0.0,0.0,7924.475971971016,0.0,0.0,0.0,0.0,0.0,0.0,0.0,0.0,0.0,0.0,0.0,0.0,0.0,0.0,0.0,0.0,0.0,0.0,0.0,0.0,0.0,0.0,0.0,0.0,0.0,0.0,32.0,0.0,7437.584574744558,0.0,0.0,0.0,0.0,6878.884476577849,0.0,0.0,0.0,7750.189610039326,0.0,7559.283467731404,0.0,0.0,0.0,2059.9755771091613,0.0,6126.149401389714,7050.657301658865,0.0,7772.431117347805,7751.983108660329,0.0,120.0,0.0,0.0,0.0,0.0,0.0,0.0,0.0,0.0,0.0,0.0,0.0,0.0,0.0,0.0,0.0,0.0,0.0,0.0,0.0,0.0,0.0,0.0,0.0,0.0,0.0,0.0,0.0,0.0,0.0,0.0,0.0,0.0,0.0,0.0,0.0,0.0
2030-01-05T07:00:00.0,0.0,0.0,0.0,0.0,0.0,0.0,0.0,0.0,0.0,2049.821623595567,75.0,0.0,0.0,0.0,0.0,0.0,0.0,7957.31567253162,0.0,0.0,0.0,0.0,0.0,0.0,0.0,0.0,0.0,0.0,0.0,0.0,0.0,0.0,0.0,0.0,0.0,0.0,0.0,0.0,0.0,0.0,0.0,0.0,0.0,0.0,32.0,0.0,7468.681952929088,0.0,0.0,0.0,0.0,6902.548534203892,0.0,0.0,0.0,7750.189610039326,0.0,7594.396987643013,0.0,0.0,0.0,2059.9755771091613,0.0,6145.466607839013,7083.277590330414,0.0,7772.431117347805,0.0,0.0,120.0,0.0,0.0,0.0,0.0,0.0,0.0,0.0,0.0,0.0,0.0,0.0,0.0,0.0,0.0,0.0,0.0,0.0,0.0,0.0,0.0,0.0,0.0,0.0,0.0,0.0,0.0,0.0,0.0,0.0,0.0,0.0,0.0,0.0,0.0,0.0,0.0
2030-01-05T08:00:00.0,0.0,0.0,0.0,0.0,0.0,0.0,0.0,0.0,0.0,0.0,75.0,0.0,0.0,0.0,0.0,0.0,0.0,0.0,0.0,0.0,0.0,0.0,0.0,0.0,0.0,0.0,0.0,0.0,0.0,0.0,0.0,0.0,0.0,0.0,0.0,0.0,0.0,0.0,0.0,0.0,0.0,0.0,0.0,0.0,32.0,0.0,0.0,0.0,0.0,0.0,0.0,0.0,0.0,0.0,0.0,0.0,0.0,0.0,0.0,0.0,0.0,0.0,0.0,0.0,0.0,0.0,0.0,0.0,0.0,120.0,0.0,0.0,0.0,0.0,0.0,0.0,0.0,0.0,0.0,0.0,0.0,0.0,0.0,0.0,0.0,0.0,0.0,0.0,0.0,0.0,0.0,0.0,0.0,0.0,0.0,0.0,0.0,0.0,0.0,0.0,0.0,0.0,0.0,0.0,0.0,0.0
2030-01-05T09:00:00.0,0.0,0.0,0.0,0.0,0.0,0.0,0.0,0.0,0.0,0.0,75.0,0.0,0.0,0.0,0.0,0.0,0.0,0.0,0.0,0.0,0.0,0.0,0.0,0.0,0.0,0.0,0.0,0.0,0.0,0.0,0.0,0.0,0.0,0.0,0.0,0.0,0.0,0.0,0.0,0.0,0.0,0.0,0.0,0.0,32.0,0.0,0.0,0.0,0.0,0.0,0.0,0.0,0.0,0.0,0.0,0.0,0.0,0.0,0.0,0.0,0.0,0.0,0.0,0.0,0.0,0.0,0.0,0.0,0.0,120.0,0.0,0.0,0.0,0.0,0.0,0.0,0.0,0.0,0.0,0.0,0.0,0.0,0.0,0.0,0.0,0.0,0.0,0.0,0.0,0.0,0.0,0.0,0.0,0.0,0.0,0.0,0.0,0.0,0.0,0.0,0.0,0.0,0.0,0.0,0.0,0.0
2030-01-05T10:00:00.0,0.0,0.0,0.0,0.0,0.0,0.0,0.0,0.0,0.0,0.0,75.0,0.0,0.0,0.0,0.0,0.0,0.0,0.0,0.0,0.0,0.0,0.0,0.0,0.0,0.0,0.0,0.0,0.0,0.0,0.0,0.0,0.0,0.0,0.0,0.0,0.0,0.0,0.0,0.0,0.0,0.0,0.0,0.0,0.0,32.0,0.0,0.0,0.0,0.0,0.0,0.0,0.0,0.0,0.0,0.0,0.0,0.0,0.0,0.0,0.0,0.0,0.0,0.0,0.0,0.0,0.0,0.0,0.0,0.0,120.0,0.0,0.0,0.0,0.0,0.0,0.0,0.0,0.0,0.0,0.0,0.0,0.0,0.0,0.0,0.0,0.0,0.0,0.0,0.0,0.0,0.0,0.0,0.0,0.0,0.0,0.0,0.0,0.0,0.0,0.0,0.0,0.0,0.0,0.0,0.0,0.0
2030-01-05T11:00:00.0,0.0,0.0,0.0,0.0,0.0,0.0,0.0,0.0,0.0,0.0,75.0,0.0,0.0,0.0,0.0,0.0,0.0,0.0,0.0,0.0,0.0,0.0,0.0,0.0,0.0,0.0,0.0,0.0,0.0,0.0,0.0,0.0,0.0,0.0,0.0,0.0,0.0,0.0,0.0,0.0,0.0,0.0,0.0,0.0,32.0,0.0,0.0,0.0,0.0,0.0,0.0,0.0,0.0,0.0,0.0,0.0,0.0,0.0,0.0,0.0,0.0,0.0,0.0,0.0,0.0,0.0,0.0,0.0,0.0,120.0,0.0,0.0,0.0,0.0,0.0,0.0,0.0,0.0,0.0,0.0,0.0,0.0,0.0,0.0,0.0,0.0,0.0,0.0,0.0,0.0,0.0,0.0,0.0,0.0,0.0,0.0,0.0,0.0,0.0,0.0,0.0,0.0,0.0,0.0,0.0,0.0
2030-01-05T12:00:00.0,0.0,0.0,0.0,0.0,0.0,0.0,0.0,0.0,0.0,0.0,75.0,0.0,0.0,0.0,0.0,0.0,0.0,0.0,0.0,0.0,0.0,0.0,0.0,0.0,0.0,0.0,0.0,0.0,0.0,0.0,0.0,0.0,0.0,0.0,0.0,0.0,0.0,0.0,0.0,0.0,0.0,0.0,0.0,0.0,32.0,0.0,0.0,0.0,0.0,0.0,0.0,0.0,0.0,0.0,0.0,0.0,0.0,0.0,0.0,0.0,0.0,0.0,0.0,0.0,0.0,0.0,0.0,0.0,0.0,120.0,0.0,0.0,0.0,0.0,0.0,0.0,0.0,0.0,0.0,0.0,0.0,0.0,0.0,0.0,0.0,0.0,0.0,0.0,0.0,0.0,0.0,0.0,0.0,0.0,0.0,0.0,0.0,0.0,0.0,0.0,0.0,0.0,0.0,0.0,0.0,0.0
2030-01-05T13:00:00.0,0.0,0.0,0.0,0.0,0.0,0.0,0.0,0.0,0.0,0.0,75.0,0.0,0.0,0.0,0.0,0.0,0.0,0.0,0.0,0.0,0.0,0.0,0.0,0.0,0.0,0.0,0.0,0.0,0.0,0.0,0.0,0.0,0.0,0.0,0.0,0.0,0.0,0.0,0.0,0.0,0.0,0.0,0.0,0.0,32.0,0.0,0.0,0.0,0.0,0.0,0.0,0.0,0.0,0.0,0.0,0.0,0.0,0.0,0.0,0.0,0.0,0.0,0.0,0.0,0.0,0.0,0.0,0.0,0.0,120.0,0.0,0.0,0.0,0.0,0.0,0.0,0.0,0.0,0.0,0.0,0.0,0.0,0.0,0.0,0.0,0.0,0.0,0.0,0.0,0.0,0.0,0.0,0.0,0.0,0.0,0.0,0.0,0.0,0.0,0.0,0.0,0.0,0.0,0.0,0.0,0.0
2030-01-05T14:00:00.0,0.0,0.0,0.0,0.0,0.0,0.0,0.0,0.0,0.0,0.0,75.0,0.0,0.0,0.0,0.0,0.0,0.0,0.0,0.0,0.0,0.0,0.0,0.0,0.0,0.0,0.0,0.0,0.0,0.0,0.0,0.0,0.0,0.0,0.0,0.0,0.0,0.0,0.0,0.0,0.0,0.0,0.0,0.0,0.0,32.0,0.0,0.0,0.0,0.0,0.0,0.0,0.0,0.0,0.0,0.0,0.0,0.0,0.0,0.0,0.0,0.0,0.0,0.0,0.0,0.0,0.0,0.0,0.0,0.0,120.0,0.0,0.0,0.0,0.0,0.0,0.0,0.0,0.0,0.0,0.0,0.0,0.0,0.0,0.0,0.0,0.0,0.0,0.0,0.0,0.0,0.0,0.0,0.0,0.0,0.0,0.0,0.0,0.0,0.0,0.0,0.0,0.0,0.0,0.0,0.0,0.0
2030-01-05T15:00:00.0,0.0,0.0,0.0,0.0,0.0,0.0,0.0,0.0,2085.5312498000767,0.0,75.0,0.0,0.0,0.0,0.0,0.0,6971.965580969097,0.0,0.0,0.0,0.0,0.0,0.0,0.0,0.0,0.0,0.0,0.0,0.0,0.0,0.0,0.0,0.0,0.0,0.0,0.0,0.0,0.0,0.0,0.0,0.0,0.0,0.0,0.0,32.0,0.0,0.0,0.0,0.0,0.0,0.0,0.0,0.0,0.0,0.0,0.0,0.0,0.0,0.0,0.0,0.0,0.0,0.0,0.0,0.0,0.0,0.0,7751.983108660329,0.0,120.0,0.0,0.0,0.0,0.0,0.0,0.0,0.0,0.0,0.0,0.0,0.0,0.0,0.0,0.0,0.0,0.0,0.0,0.0,0.0,0.0,0.0,0.0,0.0,0.0,0.0,0.0,0.0,0.0,0.0,0.0,0.0,0.0,0.0,0.0,0.0,0.0
2030-01-05T16:00:00.0,0.0,0.0,0.0,0.0,0.0,0.0,0.0,0.0,1975.5856777614617,0.0,75.0,0.0,0.0,0.0,6576.147868660579,0.0,6787.687862095418,7870.4727765399675,0.0,0.0,0.0,0.0,0.0,0.0,0.0,0.0,0.0,0.0,0.0,6330.378991865857,0.0,0.0,0.0,0.0,0.0,0.0,0.0,0.0,0.0,0.0,0.0,0.0,0.0,0.0,32.0,0.0,7399.161864378082,0.0,0.0,0.0,0.0,6839.970153156639,0.0,0.0,0.0,7750.189610039326,0.0,7515.898568930581,0.0,0.0,0.0,2059.9755771091613,0.0,6102.281812807589,7010.352942356907,0.0,7698.681150946769,7751.983108660329,0.0,120.0,0.0,0.0,0.0,0.0,0.0,0.0,0.0,0.0,0.0,0.0,0.0,0.0,0.0,0.0,0.0,0.0,0.0,0.0,0.0,0.0,0.0,0.0,0.0,0.0,0.0,0.0,0.0,0.0,0.0,0.0,0.0,0.0,0.0,0.0,0.0,0.0
2030-01-05T17:00:00.0,0.0,0.0,0.0,0.0,0.0,0.0,0.0,0.0,1975.5856777614003,0.0,75.0,0.0,0.0,0.0,6576.147868660586,0.0,6787.687862095425,7870.472776539964,0.0,0.0,0.0,0.0,0.0,0.0,0.0,0.0,0.0,0.0,0.0,6330.378991865767,0.0,0.0,0.0,0.0,0.0,0.0,0.0,0.0,0.0,0.0,0.0,0.0,0.0,0.0,32.0,0.0,7399.161864378077,0.0,0.0,0.0,0.0,6839.970153156644,0.0,0.0,0.0,7750.189610039326,0.0,7515.898568930433,0.0,0.0,0.0,2059.9755771091613,0.0,6102.281812807587,7010.352942356903,0.0,7698.681150946766,7751.983108660329,0.0,120.0,0.0,0.0,0.0,0.0,0.0,0.0,0.0,0.0,0.0,0.0,0.0,0.0,0.0,0.0,0.0,0.0,0.0,0.0,0.0,0.0,0.0,0.0,0.0,0.0,0.0,0.0,0.0,0.0,0.0,0.0,0.0,0.0,0.0,0.0,0.0,0.0
2030-01-05T18:00:00.0,0.0,0.0,0.0,0.0,0.0,0.0,0.0,0.0,1975.5856777613997,0.0,75.0,0.0,0.0,0.0,6576.147868660585,0.0,6787.687862095423,7870.472776539959,0.0,0.0,0.0,0.0,0.0,0.0,0.0,0.0,0.0,0.0,0.0,6330.378991865764,0.0,0.0,0.0,0.0,0.0,0.0,0.0,0.0,0.0,0.0,0.0,0.0,0.0,0.0,32.0,0.0,7399.161864378079,0.0,0.0,0.0,0.0,6839.970153156646,0.0,0.0,0.0,7750.189610039326,0.0,7515.898568930428,0.0,0.0,0.0,2059.9755771091613,0.0,6102.281812807585,7010.352942356898,0.0,7698.681150946943,7751.983108660329,0.0,120.0,0.0,0.0,0.0,0.0,0.0,0.0,0.0,0.0,0.0,0.0,0.0,0.0,0.0,0.0,0.0,0.0,0.0,0.0,0.0,0.0,0.0,0.0,0.0,0.0,0.0,0.0,0.0,0.0,0.0,0.0,0.0,0.0,0.0,0.0,0.0,0.0
2030-01-05T19:00:00.0,0.0,0.0,0.0,0.0,0.0,0.0,0.0,0.0,1975.5856777614013,0.0,75.0,0.0,0.0,0.0,6576.147868660585,0.0,6787.687862095423,7870.47277653996,0.0,0.0,0.0,0.0,0.0,0.0,0.0,0.0,0.0,0.0,0.0,6330.378991865768,0.0,0.0,0.0,0.0,0.0,0.0,0.0,0.0,0.0,0.0,0.0,0.0,0.0,0.0,32.0,0.0,7399.161864378158,0.0,0.0,0.0,0.0,6839.970153156639,0.0,0.0,0.0,7750.189610039326,0.0,7515.8985689304345,0.0,0.0,0.0,2059.9755771091613,0.0,6102.281812807583,7010.352942356905,0.0,7698.681150946764,7751.983108660329,0.0,120.0,0.0,0.0,0.0,0.0,0.0,0.0,0.0,0.0,0.0,0.0,0.0,0.0,0.0,0.0,0.0,0.0,0.0,0.0,0.0,0.0,0.0,0.0,0.0,0.0,0.0,0.0,0.0,0.0,0.0,0.0,0.0,0.0,0.0,0.0,0.0,0.0
2030-01-05T20:00:00.0,0.0,0.0,0.0,0.0,0.0,0.0,0.0,0.0,1975.5856777614026,0.0,75.0,0.0,0.0,0.0,6576.147868660587,0.0,6787.687862095425,7870.472776539966,0.0,0.0,0.0,0.0,0.0,0.0,0.0,0.0,0.0,0.0,0.0,6330.378991865769,0.0,0.0,0.0,0.0,0.0,0.0,0.0,0.0,0.0,0.0,0.0,0.0,0.0,0.0,32.0,0.0,7399.161864378077,0.0,0.0,0.0,0.0,6839.970153156649,0.0,0.0,0.0,7750.189610039326,0.0,7515.898568930431,0.0,0.0,0.0,2059.9755771091613,0.0,6102.2818128075905,7010.352942356909,0.0,7698.681150946769,7751.983108660329,0.0,120.0,0.0,0.0,0.0,0.0,0.0,0.0,0.0,0.0,0.0,0.0,0.0,0.0,0.0,0.0,0.0,0.0,0.0,0.0,0.0,0.0,0.0,0.0,0.0,0.0,0.0,0.0,0.0,0.0,0.0,0.0,0.0,0.0,0.0,0.0,0.0,0.0
2030-01-05T21:00:00.0,0.0,0.0,0.0,0.0,0.0,0.0,0.0,0.0,1811.5173627569438,0.0,75.0,0.0,0.0,0.0,6321.233427513677,0.0,6512.696025063241,7375.698287712365,0.0,0.0,0.0,0.0,0.0,0.0,0.0,0.0,0.0,0.0,0.0,6085.895149185077,0.0,0.0,0.0,0.0,0.0,0.0,0.0,0.0,0.0,0.0,0.0,0.0,0.0,0.0,32.0,0.0,7047.134975428155,0.0,0.0,0.0,0.0,6483.439130777055,0.0,0.0,0.0,7750.189610039326,0.0,7118.408365697986,0.0,0.0,0.0,2059.9755771091613,0.0,5883.6081982925725,6641.086482993182,0.0,7278.50168191302,7751.983108660329,0.0,120.0,0.0,0.0,0.0,0.0,0.0,0.0,0.0,0.0,0.0,0.0,0.0,0.0,0.0,0.0,0.0,0.0,0.0,0.0,0.0,0.0,0.0,0.0,0.0,0.0,0.0,0.0,0.0,0.0,0.0,0.0,0.0,0.0,0.0,0.0,0.0,0.0
2030-01-05T22:00:00.0,0.0,0.0,0.0,0.0,0.0,0.0,0.0,0.0,1587.437538766065,0.0,75.0,0.0,0.0,0.0,0.0,0.0,6137.120019181282,6699.9494061031655,0.0,0.0,0.0,0.0,0.0,0.0,0.0,0.0,0.0,0.0,0.0,5751.986091637535,0.0,0.0,0.0,0.0,0.0,0.0,0.0,0.0,0.0,0.0,0.0,0.0,0.0,0.0,32.0,0.0,6566.346693340382,0.0,0.0,0.0,0.0,5996.499231747745,0.0,0.0,0.0,7079.1159664509905,0.0,6575.5275859685935,0.0,0.0,0.0,2059.9755771091613,0.0,5584.950014043614,6136.752887455346,0.0,6704.6325502455675,7230.855114095643,0.0,120.0,0.0,0.0,0.0,0.0,0.0,0.0,0.0,0.0,0.0,0.0,0.0,0.0,0.0,0.0,0.0,0.0,0.0,0.0,0.0,0.0,0.0,0.0,0.0,0.0,0.0,0.0,0.0,0.0,0.0,0.0,0.0,0.0,0.0,0.0,0.0,0.0
2030-01-05T23:00:00.0,0.0,0.0,0.0,0.0,0.0,0.0,0.0,0.0,1762.2263261960481,0.0,75.0,0.0,0.0,0.0,0.0,0.0,6430.080239725695,7227.053210096144,0.0,0.0,0.0,0.0,0.0,0.0,0.0,0.0,0.0,0.0,0.0,6012.444879230181,0.0,0.0,0.0,0.0,0.0,0.0,0.0,0.0,0.0,0.0,0.0,0.0,0.0,0.0,32.0,0.0,6941.375552877993,0.0,0.0,0.0,0.0,6376.326531621463,0.0,0.0,0.0,7603.017408343623,0.0,6998.9904016651635,0.0,0.0,0.0,2059.9755771091613,0.0,0.0,6530.147777072334,0.0,7152.267182767231,7751.983108660329,0.0,120.0,0.0,0.0,0.0,0.0,0.0,0.0,0.0,0.0,0.0,0.0,0.0,0.0,0.0,0.0,0.0,0.0,0.0,0.0,0.0,0.0,0.0,0.0,0.0,0.0,0.0,0.0,0.0,0.0,0.0,0.0,0.0,0.0,0.0,0.0,0.0,0.0
