DateTime,ACE Searchlight Solar,Techren Solar 2,Techren Solar V,Dry Lake East Solar,Southern Purchases (NVP),Switch Station 1 (Playa Solar 1),Boulder Solar I,Dodge Flat Solar,Switch Station 2 (Playa Solar 2),Dry Lake Solar,Battle Mountain Solar,_NVE IRP Expansion_SPPC_PV (Standalone),Spring Valley Wind,Eagle Shadow Mountain Solar Farm,Nellis Solar Array II,Fish Springs Ranch Solar,Idaho Wind,Techren Solar IV,Turquoise Nevada,Techren Solar III,Techren Solar I,Mountain View Solar,Northern Purchases (Sierra),Boulder Solar II,FRV Spectrum Solar,Sierra Solar,RV Apex Solar,Arrow Canyon Solar,Silver State Solar,Ft. Churchill Solar,Libra Solar,Boulder Solar III,Gemini Solar,Copper Mountain Solar 5
2030-01-01T00:00:00.0,0.0,0.0,0.0,0.0,500.0,0.0,0.0,0.0,0.0,0.0,0.0,0.0,1.3707540000000336,0.0,0.0,0.0,537.55632,0.0,0.0,0.0,0.0,0.0,27.87,0.0,0.0,0.0,0.0,0.0,0.0,0.0,0.0,0.0,0.0,0.0
2030-01-01T01:00:00.0,0.0,0.0,0.0,0.0,480.95,0.0,0.0,0.0,0.0,0.0,0.0,0.0,1.7699879999999553,0.0,0.0,0.0,439.4432,0.0,0.0,0.0,0.0,0.0,183.90000000000003,0.0,0.0,0.0,0.0,0.0,0.0,0.0,0.0,0.0,0.0,0.0
2030-01-01T02:00:00.0,0.0,0.0,0.0,0.0,500.0,0.0,0.0,0.0,0.0,0.0,0.0,0.0,0.359766000000036,0.0,0.0,0.0,368.9952,0.0,0.0,0.0,0.0,0.0,137.76,0.0,0.0,0.0,0.0,0.0,0.0,0.0,0.0,0.0,0.0,0.0
2030-01-01T03:00:00.0,0.0,0.0,0.0,0.0,144.04,0.0,0.0,0.0,0.0,0.0,0.0,0.0,1.6288140000000002,0.0,0.0,0.0,405.28543999999994,0.0,0.0,0.0,0.0,0.0,0.0,0.0,0.0,0.0,0.0,0.0,0.0,0.0,0.0,0.0,0.0,0.0
2030-01-01T04:00:00.0,0.0,0.0,0.0,0.0,0.0,0.0,0.0,0.0,0.0,0.0,0.0,0.0,13.057835999999995,0.0,0.0,0.0,334.68512,0.0,0.0,0.0,0.0,0.0,0.0,0.0,0.0,0.0,0.0,0.0,0.0,0.0,0.0,0.0,0.0,0.0
2030-01-01T05:00:00.0,0.0,0.0,0.0,0.0,0.0,0.0,0.0,0.0,0.0,0.0,0.0,0.0,11.494296,0.0,0.0,0.0,248.9956,0.0,0.0,0.0,0.0,0.0,0.0,0.0,0.0,0.0,0.0,0.0,0.0,0.0,0.0,0.0,0.0,0.0
2030-01-01T06:00:00.0,0.0,0.0,0.0,0.0,0.0,0.0,0.0,0.0,0.0,0.0,0.0,0.0,9.466248,0.0,0.0,0.0,286.1236,0.0,0.0,0.0,0.0,0.0,0.0,0.0,0.0,0.0,0.0,0.0,0.0,0.0,0.0,0.0,0.0,0.0
2030-01-01T07:00:00.0,3.4405,39.513999999999996,10.232318520000002,41.9111847,0.0,18.622999999999912,20.186999999999998,0.0,16.12627,31.433388525,0.924760242,148.26296519999997,6.969138,46.557465570000005,2.664,0.0,227.68032000000005,5.10925,0.306,5.10925,20.566822640000005,3.8376,0.0,9.8,5.324999999999999,80.28196091999999,3.2985979039999997,42.081216,8.259680000000001,0.12246,123.55247099999997,27.627919758959994,145.65693441599996,52.207499999999996
2030-01-01T08:00:00.0,10.662925,121.98,31.626529920000007,131.8390227,0.0,58.892,62.112,28.28882804,50.98739,98.87926702499985,9.814830641000002,483.65647293599994,8.429454,136.61236611,8.484,24.324504620000003,114.46847999999999,15.812499999999998,4.6155,15.83875,63.824552880000006,12.075,0.0,30.25,17.775000000000002,261.77892336,10.776246535999999,132.57523260000002,25.0718,1.560585,403.0470607799999,85.74995814185999,457.79695518899996,159.74749999999997
2030-01-01T09:00:00.0,13.810650000000003,127.738,33.238158840000004,140.01330419999996,0.0,62.73699999999991,80.438,112.96248984,54.33224999999999,105.00997814999998,10.866457084,540.870017184,7.55964,193.48993488000002,9.048,46.912561280000006,76.59792000000002,16.62475,19.142,16.61175,66.95367804000001,12.7,0.0,31.6875,23.525100000000002,292.67163647999996,14.707282383999997,140.64654779999998,34.84416,6.630195,450.72501431999996,89.96262929609999,484.38053281799995,167.8525
2030-01-01T10:00:00.0,15.896825,118.39,30.827466000000005,130.10749289999998,500.0,58.306999999999995,92.562,117.37722412000001,50.47863000000007,97.58061967500001,26.647144615,526.3461267119999,12.317052000000002,227.90627904000004,8.376,67.5364391,36.98519999999998,15.4195,26.179999999999996,15.39325,62.029481080000004,11.787600000000001,0.0,29.362500000000004,26.92499999999967,284.81663232,17.485049039999996,130.6824402,41.2126,11.750895,438.62177225999994,83.3394044082,449.56146225899994,155.82750000000001
2030-01-01T11:00:00.0,16.872975,112.16600000000001,29.21583708,122.5476252,942.31,54.888999999999996,98.38799999999999,89.26552355999998,47.52402999999989,91.91071889999999,39.27400129800001,481.3464267359999,15.586824,243.73443732000004,7.68,13.848884139999997,27.579439999999998,14.607249999999999,26.120500000000003,14.568,58.72934908,11.112400000000001,0.0,27.8125,28.575000000000045,260.47430172,19.047542783999997,123.1436076,43.9088,11.638575,401.1220222799999,78.90573172319999,424.13530525799996,147.22
2030-01-01T12:00:00.0,16.531375,114.88599999999997,29.831886360000002,90.6926328,1000.0,40.57000000000005,96.6,95.53224896,35.13209,68.01947460000001,34.56317616500001,407.139342624,1.2978900000000002,112.36012359000001,7.692,47.99428296000001,54.08312,14.92175,26.426500000000004,14.8955,60.03640136,8.925000000000006,200.0,28.487499999999997,27.075,220.34013984,13.777226584,76.52443260000001,38.94332,9.455745000000036,339.28278551999995,80.65191665759998,261.39899721599994,150.9025
2030-01-01T13:00:00.0,14.750050000000002,114.068,25.03650276,129.92059079999999,443.46,58.196000000000005,87.738,30.459200199999998,50.39252,97.4404431,11.588860493,395.0010998639999,9.586169999999935,126.00726006000002,6.324,37.931424699999994,60.50912,12.52425,22.2615,16.03525,64.63058512,12.350000000000001,0.0,28.287499999999998,25.412399999999998,213.75339155999998,17.844670616,61.2915498000001,21.765120000000003,11.189684999999987,329.1675832199999,86.83177427699998,207.178292412,155.325
2030-01-01T14:00:00.0,12.24895,120.682,29.530362240000002,76.28183639999999,0.0,34.082,71.438,67.17167308,29.514400000000023,57.2113773,17.464548017,365.73491455199996,13.901844,116.77316772,1.38,47.35378985999999,64.4028,14.7645,4.0545,15.8255,63.772550799999806,6.8500000000000005,0.0,29.925,11.4501,197.93883168,7.886873183999999,40.4406522,25.59596,4.865639999999985,304.77909546,85.66674151607998,135.536923284,161.0925
2030-01-01T15:00:00.0,4.843475000000001,72.702,18.866009159999816,51.275624400000005,0.0,22.911,28.688000000000002,41.36038764,19.82821,38.456718300000006,24.025942115,249.48498959999995,15.694602000000003,32.778327780000005,3.9360000000000004,20.93700778,60.69,9.432500000000001,10.217,9.485000000000001,38.228529079999994,6.037599999999999,0.0,18.0375,6.7626,135.03515832,5.939956376,53.8648188,11.87108,3.8455949999999106,207.90415799999997,51.34738652022,182.78342686799996,97.1125
2030-01-01T16:00:00.0,0.0,0.0,0.0,0.0,0.0,0.0,0.27499999999999997,1.32733504,0.0,0.0,0.0,1.13402268,19.952591999999996,0.0,0.0,1.1528875799999998,45.229519999999994,0.0,0.4675,0.0,0.0,0.0,0.0,0.0,0.0,0.6136722,0.0,0.0,0.20747999999999997,0.16321499999999844,0.9450188999999999,0.0,0.0,0.0
2030-01-01T17:00:00.0,0.0,0.0,0.0,0.0,0.0,0.0,0.0,0.0,0.0,0.0,0.0,0.0,12.329196000000001,0.0,0.0,0.0,23.304959999999998,0.0,0.0,0.0,0.0,0.0,0.0,0.0,0.0,0.0,0.0,0.0,0.0,0.0,0.0,0.0,0.0,0.0
2030-01-01T18:00:00.0,0.0,0.0,0.0,0.0,0.0,0.0,0.0,0.0,0.0,0.0,0.0,0.0,11.020679999999999,0.0,0.0,0.0,30.87336,0.0,0.0,0.0,0.0,0.0,0.0,0.0,0.0,0.0,0.0,0.0,0.0,0.0,0.0,0.0,0.0,0.0
2030-01-01T19:00:00.0,0.0,0.0,0.0,0.0,0.0,0.0,0.0,0.0,0.0,0.0,0.0,0.0,5.036724,0.0,0.0,0.0,44.87728,0.0,0.0,0.0,0.0,0.0,0.0,0.0,0.0,0.0,0.0,0.0,0.0,0.0,0.0,0.0,0.0,0.0
2030-01-01T20:00:00.0,0.0,0.0,0.0,0.0,0.0,0.0,0.0,0.0,0.0,0.0,0.0,0.0,0.0,0.0,0.0,0.0,44.91536,0.0,0.0,0.0,0.0,0.0,0.0,0.0,0.0,0.0,0.0,0.0,0.0,0.0,0.0,0.0,0.0,0.0
2030-01-01T21:00:00.0,0.0,0.0,0.0,0.0,0.0,0.0,0.0,0.0,0.0,0.0,0.0,0.0,0.0,0.0,0.0,0.0,67.58248,0.0,0.0,0.0,0.0,0.0,0.0,0.0,0.0,0.0,0.0,0.0,0.0,0.0,0.0,0.0,0.0,0.0
2030-01-01T22:00:00.0,0.0,0.0,0.0,0.0,500.0,0.0,0.0,0.0,0.0,0.0,0.0,0.0,0.0,0.0,0.0,0.0,120.35184000000001,0.0,0.0,0.0,0.0,0.0,200.00000000000003,0.0,0.0,0.0,0.0,0.0,0.0,0.0,0.0,0.0,0.0,0.0
2030-01-01T23:00:00.0,0.0,0.0,0.0,0.0,500.0,0.0,0.0,0.0,0.0,0.0,0.0,0.0,0.0,0.0,0.0,0.0,142.09552,0.0,0.0,0.0,0.0,0.0,199.99999999999997,0.0,0.0,0.0,0.0,0.0,0.0,0.0,0.0,0.0,0.0,0.0
2030-01-02T00:00:00.0,0.0,0.0,0.0,0.0,500.0,0.0,0.0,0.0,0.0,0.0,0.0,0.0,0.0,0.0,0.0,0.0,132.67072,0.0,0.0,0.0,0.0,0.0,165.47,0.0,0.0,0.0,0.0,0.0,0.0,0.0,0.0,0.0,0.0,0.0
2030-01-02T01:00:00.0,0.0,0.0,0.0,0.0,500.0,0.0,0.0,0.0,0.0,0.0,0.0,0.0,6.865914,0.0,0.0,0.0,111.07936000000001,0.0,0.0,0.0,0.0,0.0,167.70999999999998,0.0,0.0,0.0,0.0,0.0,0.0,0.0,0.0,0.0,0.0,0.0
2030-01-02T02:00:00.0,0.0,0.0,0.0,0.0,500.0,0.0,0.0,0.0,0.0,0.0,0.0,0.0,4.664814000000001,0.0,0.0,0.0,125.78775999999999,0.0,0.0,0.0,0.0,0.0,98.74000000000001,0.0,0.0,0.0,0.0,0.0,0.0,0.0,0.0,0.0,0.0,0.0
2030-01-02T03:00:00.0,0.0,0.0,0.0,0.0,500.0,0.0,0.0,0.0,0.0,0.0,0.0,0.0,4.346034,0.0,0.0,0.0,161.09744,0.0,0.0,0.0,0.0,0.0,0.0,0.0,0.0,0.0,0.0,0.0,0.0,0.0,0.0,0.0,0.0,0.0
2030-01-02T04:00:00.0,0.0,0.0,0.0,0.0,251.5,0.0,0.0,0.0,0.0,0.0,0.0,0.0,13.402422,0.0,0.0,0.0,147.38864,0.0,0.0,0.0,0.0,0.0,0.0,0.0,0.0,0.0,0.0,0.0,0.0,0.0,0.0,0.0,0.0,0.0
2030-01-02T05:00:00.0,0.0,0.0,0.0,0.0,0.0,0.0,0.0,0.0,0.0,0.0,0.0,0.0,17.519238,0.0,0.0,0.0,114.10672,0.0,0.0,0.0,0.0,0.0,0.0,0.0,0.0,0.0,0.0,0.0,0.0,0.0,0.0,0.0,0.0,0.0
2030-01-02T06:00:00.0,0.0,0.0,0.0,0.0,0.0,0.0,0.0,0.0,0.0,0.0,0.0,0.0,22.127886000000004,0.0,0.0,0.0,137.45927999999998,0.0,0.0,0.0,0.0,0.0,0.0,0.0,0.0,0.0,0.0,0.0,0.0,0.0,0.0,0.0,0.0,0.0
2030-01-02T07:00:00.0,1.12245,12.928,3.7467997200000003,19.289585699999996,500.0,8.591999999999999,8.612,0.0,7.435479999999999,14.467189274999999,0.924760242,51.14862295199999,25.75438799999995,13.002130020000001,1.26,0.0,134.66039999999998,1.8735000000000002,0.153,1.8472499999999998,7.4452978000000005,1.7123999999999997,62.1,3.2125,3.0876,27.69707196,1.3268796079999998,13.187028600000001,2.76952,0.08151,42.623852459999995,10.00372978434,44.323274561999995,17.3975
2030-01-02T08:00:00.0,3.5259,48.624,18.682494480000003,45.223863300000005,500.0,20.158,5.375,88.56598211999999,17.44715,33.917897475000004,10.347458988999998,202.04084073599998,26.24622,78.75678756,0.756,43.425432179999994,121.98928000000001,9.34075,0.3145,8.1485,32.84331368,6.175000000000001,0.0,12.0625,4.2624,109.37456892,5.555533312,14.9095128,13.981760000000001,6.834164999999999,168.3673672799999,44.12936738903999,50.436829673999995,69.1675
2030-01-02T09:00:00.0,4.209099999999999,85.0,18.23695884,109.3849911000002,973.8199999999999,48.829,48.275,16.16344308,42.27527,82.038743325,5.141750824000006,296.77793543999996,26.071650000000005,36.573365730000006,5.352,48.677475599999994,51.57936,9.118,1.6404999999999998,8.86925,35.720428760000004,7.524999999999999,0.0,21.087500000000002,9.0624,160.64574479999996,8.506910383999998,65.66351220000001,22.155640000000002,0.39780000000000004,247.31494619999995,47.99416576338,222.56605127400002,111.0525
2030-01-02T10:00:00.0,9.430750000000002,73.068,18.066945240000003,96.8174361,1000.0,43.228,56.45,49.90062272,37.42625,72.61307707499999,6.307661696,332.0334405359999,22.288794,115.32715326000002,5.46,27.370405139999995,8.130080000000001,9.02625,0.901,8.200999999999937,33.06732264,8.962400000000002,200.0,18.125,15.6249,179.72413164,12.512350695999999,88.2110244,32.25768,0.1326,276.69453378,44.419943475779995,299.75710392599996,104.255
2030-01-02T11:00:00.0,9.137975,88.31400000000001,23.425373880000002,97.3566594,1186.1799999999998,43.480999999999995,79.6,94.78786512000005,37.64271,73.01749455000001,2.3811003509999997,402.87205728,13.423674,165.76665765,6.192,60.43408228,2.74176,11.712,17.952,10.808,43.56174240000001,9.2376,200.0,21.9,21.975,218.05364268,14.732083872,104.3816802,42.591120000000004,0.285675,335.7267144,58.53812151179999,357.472328703,113.15
2030-01-02T12:00:00.0,10.82165,81.308,25.4295342,101.13766739999998,1204.9,45.174,67.11200000000001,20.972790479999997,39.12554,75.85325054999998,9.168966345,399.99919982399996,7.86324,211.49911497000002,5.532,46.926794459999996,1.3423200000000293,12.70775,35.972500000000004,11.5285,46.46585856,11.837599999999998,200.0,20.1625,15.087600000000002,216.49446072000003,20.001199999999997,102.57296400000001,44.95816,10.78174500000003,333.33266652,62.43156823271998,350.2013529630001,122.02250000000001
2030-01-02T13:00:00.0,8.894025,125.28200000000001,32.45209596,140.9800392,1000.0,63.038000000000004,59.938,4.0806584,54.591370000000005,105.7350294,5.78761512,458.35516691999993,1.344948,160.50460503000002,4.176,51.5241116,2.3038399999999997,16.2185,32.955,16.7295,67.44169756000001,8.887599999999999,0.0,31.075000000000003,15.9,248.07357756000002,12.388343255999999,116.8249578000001,22.54616,2.009474999999982,381.96263909999993,90.59971395576,417.917879064,165.555
2030-01-02T14:00:00.0,12.67595,105.588,21.591227160000003,93.87641339999999,0.0,41.898999999999845,74.238,18.100634760000002,36.27917,70.40731004999999,1.3546374519999995,292.905457992,0.0,39.47439474000001,2.112,9.863593739999999,30.66392,10.795,26.7155,12.6945,51.17904708,9.6124,0.0,26.187500000000004,13.8624,158.5547136,11.272276295999998,57.831490800000005,22.0948,7.9052999999999995,244.08788165999997,68.76421703387999,195.262795434,98.61749999999998
2030-01-02T15:00:00.0,5.441275,27.189999999999998,8.751700080000003,40.922966699999996,0.0,18.259,36.225,20.1118164,15.801579999999998,30.692225025,6.978689535999999,188.55017092799997,0.0,45.564455640000006,0.6,35.839147239999996,74.28456,4.375500000000001,16.932,4.428,17.860714399999864,5.2624,0.0,6.737500000000001,6.4125,102.06959688,5.171110247999999,52.015142399999974,11.17532,0.33657000000000004,157.12514243999996,23.997764985179998,176.20245188700002,64.8375
2030-01-02T16:00:00.0,0.06107499999999999,0.0,0.0,0.0,0.0,0.0,0.338,0.56949848,0.0,0.0,0.0,2.26804536,0.0,0.0,0.0,0.711659,82.07191999999998,0.0,1.4195,0.0,0.0,0.0,0.0,0.0,0.0,1.2273444,0.0,0.0,0.24387999999999999,0.5711549999999963,1.8900377999999998,0.0,0.0,0.0
2030-01-02T17:00:00.0,0.0,0.0,0.0,0.0,0.0,0.0,0.0,0.0,0.0,0.0,0.0,0.0,0.0,0.0,0.0,0.0,95.18096,0.0,0.0,0.0,0.0,0.0,0.0,0.0,0.0,0.0,0.0,0.0,0.0,0.0,0.0,0.0,0.0,0.0
2030-01-02T18:00:00.0,0.0,0.0,0.0,0.0,0.0,0.0,0.0,0.0,0.0,0.0,0.0,0.0,0.0,0.0,0.0,0.0,140.12488,0.0,0.0,0.0,0.0,0.0,0.0,0.0,0.0,0.0,0.0,0.0,0.0,0.0,0.0,0.0,0.0,0.0
2030-01-02T19:00:00.0,0.0,0.0,0.0,0.0,0.0,0.0,0.0,0.0,0.0,0.0,0.0,0.0,0.0,0.0,0.0,0.0,155.73768,0.0,0.0,0.0,0.0,0.0,0.0,0.0,0.0,0.0,0.0,0.0,0.0,0.0,0.0,0.0,0.0,0.0
2030-01-02T20:00:00.0,0.0,0.0,0.0,0.0,0.0,0.0,0.0,0.0,0.0,0.0,0.0,0.0,5.847336,0.0,0.0,0.0,194.16992,0.0,0.0,0.0,0.0,0.0,0.0,0.0,0.0,0.0,0.0,0.0,0.0,0.0,0.0,0.0,0.0,0.0
2030-01-02T21:00:00.0,0.0,0.0,0.0,0.0,0.0,0.0,0.0,0.0,0.0,0.0,0.0,0.0,13.293126,0.0,0.0,0.0,236.32448,0.0,0.0,0.0,0.0,0.0,0.0,0.0,0.0,0.0,0.0,0.0,0.0,0.0,0.0,0.0,0.0,0.0
2030-01-02T22:00:00.0,0.0,0.0,0.0,0.0,500.0,0.0,0.0,0.0,0.0,0.0,0.0,0.0,20.373078,0.0,0.0,0.0,286.10456,0.0,0.0,0.0,0.0,0.0,0.0,0.0,0.0,0.0,0.0,0.0,0.0,0.0,0.0,0.0,0.0,0.0
2030-01-02T23:00:00.0,0.0,0.0,0.0,0.0,500.0,0.0,0.0,0.0,0.0,0.0,0.0,0.0,43.46034,0.0,0.0,0.0,305.6967200000001,0.0,0.0,0.0,0.0,0.0,38.98,0.0,0.0,0.0,0.0,0.0,0.0,0.0,0.0,0.0,0.0,0.0
2030-01-03T00:00:00.0,0.0,0.0,0.0,0.0,500.0,0.0,0.0,0.0,0.0,0.0,0.0,0.0,63.33247800000001,0.0,0.0,0.0,335.818,0.0,0.0,0.0,0.0,0.0,140.37,0.0,0.0,0.0,0.0,0.0,0.0,0.0,0.0,0.0,0.0,0.0
2030-01-03T01:00:00.0,0.0,0.0,0.0,0.0,500.0,0.0,0.0,0.0,0.0,0.0,0.0,0.0,75.54630600000002,0.0,0.0,0.0,415.74791999999997,0.0,0.0,0.0,0.0,0.0,48.48,0.0,0.0,0.0,0.0,0.0,0.0,0.0,0.0,0.0,0.0,0.0
2030-01-03T02:00:00.0,0.0,0.0,0.0,0.0,500.0,0.0,0.0,0.0,0.0,0.0,0.0,0.0,78.19673399999999,0.0,0.0,0.0,396.27952000000005,0.0,0.0,0.0,0.0,0.0,10.469999999999999,0.0,0.0,0.0,0.0,0.0,0.0,0.0,0.0,0.0,0.0,0.0
2030-01-03T03:00:00.0,0.0,0.0,0.0,0.0,372.58,0.0,0.0,0.0,0.0,0.0,0.0,0.0,82.04334599999999,0.0,0.0,0.0,541.5928,0.0,0.0,0.0,0.0,0.0,0.0,0.0,0.0,0.0,0.0,0.0,0.0,0.0,0.0,0.0,0.0,0.0
2030-01-03T04:00:00.0,0.0,0.0,0.0,0.0,0.0,0.0,0.0,0.0,0.0,0.0,0.0,0.0,69.817374,0.0,0.0,0.0,556.2440799999999,0.0,0.0,0.0,0.0,0.0,0.0,0.0,0.0,0.0,0.0,0.0,0.0,0.0,0.0,0.0,0.0,0.0
2030-01-03T05:00:00.0,0.0,0.0,0.0,0.0,0.0,0.0,0.0,0.0,0.0,0.0,0.0,0.0,47.75020800000001,0.0,0.0,0.0,695.30272,0.0,0.0,0.0,0.0,0.0,0.0,0.0,0.0,0.0,0.0,0.0,0.0,0.0,0.0,0.0,0.0,0.0
2030-01-03T06:00:00.0,0.0,0.0,0.0,0.0,0.0,0.0,0.0,0.0,0.0,0.0,0.0,0.0,49.96648800000001,0.0,0.0,0.0,748.8812800000001,0.0,0.0,0.0,0.0,0.0,0.0,0.0,0.0,0.0,0.0,0.0,0.0,0.0,0.0,0.0,0.0,0.0
2030-01-03T07:00:00.0,3.3551,38.872,10.140311160000001,40.3278876,0.0,17.927,19.712,0.0,15.520339999999953,30.2459157,1.139698847,144.45768909600002,90.39690000000002,44.88044880000001,2.616,0.0,782.60112,5.07,0.2805,5.04375,20.3558142,3.75,0.0,9.637500000000001,5.3625,78.2091126,3.2117926959999994,40.5678444,1.7446000000000002,0.14274,120.38140758000002,27.350985742019997,140.24821878899996,50.9775
2030-01-03T08:00:00.0,10.8094,123.79599999999999,32.20307604,133.2354177,0.0,59.446,15.312999999999999,91.90225668,51.46376,99.926563275,2.2164888339999997,505.33730654399994,119.894676,136.06936068000002,8.664,44.60678611999999,783.0390400000001,16.10075,5.3635,16.0745,64.78859144,12.1876,0.0,30.7,18.0501,273.5477924399998,10.801048023999998,133.8083502,25.389,3.48855,421.1144221199999,87.05277580776,461.73663694199996,162.2425
2030-01-03T09:00:00.0,14.567000000000002,132.74200000000002,34.54826364000001,146.95660980000002,0.0,65.601,84.6,23.47948064,56.81047999999999,110.21745735,30.167943813,563.424468264,115.17066000000001,200.26100259,9.528,74.24026688,698.8632,17.279749999999865,26.749499999999998,17.266750000000002,69.58078311999999,13.2876,0.0,32.925,24.7374,304.97235480003087,15.364521815999998,147.68092320000002,36.19824,6.630195,469.52039021999997,93.4822833045,508.233784863,174.17499999999998
2030-01-03T10:00:00.0,16.8973,124.35,32.334086520000014,136.7349984,0.0,61.028000000000006,98.188,18.990756399999995,52.83836,102.55124880000001,58.017696135,525.968119152,105.13516200000001,238.30438302000002,8.832,70.21227694,706.2221599999999,16.166249999999998,33.320499999999996,16.17925,65.18460728000001,12.4,0.0,30.837500000000002,28.6125,284.70298932000003,18.501910047999985,137.184333,43.030519999999996,9.64957499995225,438.30676595999995,87.57935970203998,471.77503508100017,163.15249999999997
2030-01-03T11:00:00.0,17.4951,77.376,21.47321772,128.43181889999997,0.0,57.326,55.625,64.05288415999999,49.63491,96.323864175,52.913690626999994,411.793035696,82.29078000000001,255.16455162000005,8.304,39.810204459999994,785.70464,10.742500000000001,36.65250000000003,4.78175,19.25977036,11.65,0.0,19.1875,30.0,222.90847164,20.001199999999997,129.24021000000002,21.9362,15.1476,343.16086308,25.88173482456,443.930165742,45.42250000000001
2030-01-03T12:00:00.0,5.990249999999927,30.214000000000002,7.15357224,131.411511,0.0,58.655,31.712,32.39863399999995,50.79305,98.55863325,56.257296536000005,360.98881963199995,46.699752000000004,61.63561635000001,8.496,46.86986174,785.39048,3.5765,36.864999999999995,3.904,15.7356294,11.6,0.0,7.5,28.5501,195.4205028,19.593175519999996,128.11919400000002,34.35588,16.239015000000002,300.8240163599999,21.128837706239995,442.44629314199994,100.175
2030-01-03T13:00:00.0,4.062624999999923,2.546,0.6945555600000001,141.2786529,0.0,63.101,50.487,56.38707587999981,54.634820000025684,105.95898967500001,64.50255111999999,343.05446095199994,103.15113600000001,91.16491164000013,8.7,69.25865388,794.4440000000001,0.35375,33.873,0.3275,1.33305332,8.675,0.0,0.625,11.9625,185.69720772,11.991519447999998,139.66565880000002,9.05268,15.718755,285.87871745999996,1.7871111437999998,488.743118262,3.3400000000000003
2030-01-03T14:00:00.0,0.15855,73.13,16.49481948,142.71156900000003,0.0,63.766,34.6,4.488724239999999,55.20836,107.03367675000003,67.49177045099998,441.311226048,25.048518,121.93321932000003,9.252,74.59609637999999,788.0180000000001,8.253500000000031,27.608,11.6465,46.954878120000004,11.6876,0.0,18.1375,5.525100000000001,238.86849456,13.777226584,132.0707754,31.2936,13.138124999999999,367.75935504000006,63.08365916915999,457.79695518899996,113.03250000000001
2030-01-03T15:00:00.0,0.18305000000000002,78.548,20.398631760000004,81.54946799999999,0.0,36.361,30.738,27.997352439999997,31.48466,61.16210099999964,36.829992087,293.653072944,6.639732000000001,87.86187861000002,3.492,52.15037152,773.52856,10.2055,17.654500000000002,10.2315,41.225648959999994,7.562399999999999,0.0,19.4875,2.4875999999999996,158.97291983999997,7.465247887999999,43.018989000000005,18.141760000000005,7.5687299999999995,244.71089411999998,55.3936244229,142.37015660699998,105.56000000000002
2030-01-03T16:00:00.0,0.036574999999999996,0.416,0.6025482000000001,0.0,0.0,0.0,0.28800000000000003,6.748781199999999,0.0,0.0,0.0,6.913338264,3.5855159999999997,0.0,0.0,4.682716219999999,546.1623999999999,0.30125,1.6404999999999998,0.3145,1.2540501600000002,0.0,0.0,0.1,0.0,3.74112756,0.0,0.0,0.7685599999999964,0.6731400000000001,5.761115219999999,1.69025244822,0.0,3.4050000000000002
2030-01-03T17:00:00.0,0.0,0.0,0.0,0.0,0.0,0.0,0.0,0.0,0.0,0.0,0.0,0.0,4.148694000000001,0.0,0.0,0.0,204.0612,0.0,0.0,0.0,0.0,0.0,0.0,0.0,0.0,0.0,0.0,0.0,0.0,0.0,0.0,0.0,0.0,0.0
2030-01-03T18:00:00.0,0.0,0.0,0.0,0.0,0.0,0.0,0.0,0.0,0.0,0.0,0.0,0.0,8.549375999999995,0.0,0.0,0.0,132.8992,0.0,0.0,0.0,0.0,0.0,0.0,0.0,0.0,0.0,0.0,0.0,0.0,0.0,0.0,0.0,0.0,0.0
2030-01-03T19:00:00.0,0.0,0.0,0.0,0.0,0.0,0.0,0.0,0.0,0.0,0.0,0.0,0.0,30.019968000000002,0.0,0.0,0.0,139.39184,0.0,0.0,0.0,0.0,0.0,0.0,0.0,0.0,0.0,0.0,0.0,0.0,0.0,0.0,0.0,0.0,0.0
2030-01-03T20:00:00.0,0.0,0.0,0.0,0.0,0.0,0.0,0.0,0.0,0.0,0.0,0.0,0.0,47.01701400000002,0.0,0.0,0.0,62.63208,0.0,0.0,0.0,0.0,0.0,0.0,0.0,0.0,0.0,0.0,0.0,0.0,0.0,0.0,0.0,0.0,0.0
2030-01-03T21:00:00.0,0.0,0.0,0.0,0.0,356.76,0.0,0.0,0.0,0.0,0.0,0.0,0.0,55.381194,0.0,0.0,0.0,112.93576,0.0,0.0,0.0,0.0,0.0,0.0,0.0,0.0,0.0,0.0,0.0,0.0,0.0,0.0,0.0,0.0,0.0
2030-01-03T22:00:00.0,0.0,0.0,0.0,0.0,500.0,0.0,0.0,0.0,0.0,0.0,0.0,0.0,37.711674,0.0,0.0,0.0,141.98127999999997,0.0,0.0,0.0,0.0,0.0,200.0,0.0,0.0,0.0,0.0,0.0,0.0,0.0,0.0,0.0,0.0,0.0
2030-01-03T23:00:00.0,0.0,0.0,0.0,0.0,677.9,0.0,0.0,0.0,0.0,0.0,0.0,0.0,13.194456,0.0,0.0,0.0,14.40376,0.0,0.0,0.0,0.0,0.0,200.0,0.0,0.0,0.0,0.0,0.0,0.0,0.0,0.0,0.0,0.0,0.0
2030-01-04T00:00:00.0,0.0,0.0,0.0,0.0,664.0400000000001,0.0,0.0,0.0,0.0,0.0,0.0,0.0,5.809386,0.0,0.0,0.0,11.69056,0.0,0.0,0.0,0.0,0.0,200.0,0.0,0.0,0.0,0.0,0.0,0.0,0.0,0.0,0.0,0.0,0.0
2030-01-04T01:00:00.0,0.0,0.0,0.0,0.0,613.37,0.0,0.0,0.0,0.0,0.0,0.0,0.0,5.5407,0.0,0.0,0.0,64.93592000000001,0.0,0.0,0.0,0.0,0.0,200.0,0.0,0.0,0.0,0.0,0.0,0.0,0.0,0.0,0.0,0.0,0.0
2030-01-04T02:00:00.0,0.0,0.0,0.0,0.0,517.92,0.0,0.0,0.0,0.0,0.0,0.0,0.0,0.0,0.0,0.0,0.0,116.91512,0.0,0.0,0.0,0.0,0.0,200.0,0.0,0.0,0.0,0.0,0.0,0.0,0.0,0.0,0.0,0.0,0.0
2030-01-04T03:00:00.0,0.0,0.0,0.0,0.0,500.0,0.0,0.0,0.0,0.0,0.0,0.0,0.0,0.0,0.0,0.0,0.0,95.32376,0.0,0.0,0.0,0.0,0.0,200.0,0.0,0.0,0.0,0.0,0.0,0.0,0.0,0.0,0.0,0.0,0.0
2030-01-04T04:00:00.0,0.0,0.0,0.0,0.0,424.7,0.0,0.0,0.0,0.0,0.0,0.0,0.0,2.843214000000046,0.0,0.0,0.0,81.59591999999998,0.0,0.0,0.0,0.0,0.0,0.0,0.0,0.0,0.0,0.0,0.0,0.0,0.0,0.0,0.0,0.0,0.0
2030-01-04T05:00:00.0,0.0,0.0,0.0,0.0,0.0,0.0,0.0,0.0,0.0,0.0,0.0,0.0,0.004554000000000001,0.0,0.0,0.0,89.26904,0.0,0.0,0.0,0.0,0.0,0.0,0.0,0.0,0.0,0.0,0.0,0.0,0.0,0.0,0.0,0.0,0.0
2030-01-04T06:00:00.0,0.0,0.0,0.0,0.0,0.0,0.0,0.0,0.0,0.0,0.0,0.0,0.0,0.0,0.0,0.0,0.0,62.879599999999996,0.0,0.0,0.0,0.0,0.0,0.0,0.0,0.0,0.0,0.0,0.0,0.0,0.0,0.0,0.0,0.0,0.0
2030-01-04T07:00:00.0,3.391675,8.454,10.363329,41.38914779999999,500.0,18.386,0.95,0.0,15.920869999999999,31.041860849999996,0.797894041,91.64583287999999,0.0,6.645066450000001,2.6879999999999997,0.0,58.928799999999995,5.18775,0.15299999999997027,1.7425,7.022280880000001,1.3,200.0,2.1,5.2875,49.63471667999999,1.041662496000015,41.8699476,2.2692799999999997,0.091845,76.37152739999999,9.434855473679999,144.121126275,12.592499999999998
2030-01-04T08:00:00.0,1.18335,125.30799999999999,3.78630288,135.1151802,0.0,60.206,0.625,2.20176184,52.135259999999995,101.33638515000003,6.902150423,389.46538915199994,0.0,138.04338042,8.808000000000002,3.92835768,58.11008,1.8865,0.43350000000000005,16.271,65.56762259999999,1.4876,0.0,31.075000000000003,18.1875,210.83049359999998,1.4508870479999996,136.4147124,0.89076,0.07136999999994487,324.55449095999995,88.07865945671998,468.28051510800003,52.1
2030-01-04T09:00:00.0,2.6108249999999997,24.508,35.24281920000001,149.134986,500.0,66.50299999999996,23.688000000000002,3.4842544799999997,57.57915,111.8512395,14.222644765,443.9320784639999,11.922372000000001,202.22302221,9.708,4.6257835,75.40792,17.6205,2.1590000000000003,17.60725,70.95383804000001,13.5124,0.0,6.075,24.8874,240.31403352,15.575334463999997,149.8237884,14.11592,0.16321499999992284,369.9433987199999,95.33896900428002,515.586373596,109.2975
2030-01-04T10:00:00.0,17.007025,126.568,32.95013580000001,139.231323,1000.0,62.073,99.412,25.43236716,53.74765,104.42349225000001,7.485105859,466.1253223199999,12.535644000000003,56.31056310000001,9.06,29.163785819999998,107.85208,16.48075,7.0040000000000004,16.4545,66.31965268,12.6626,0.0,31.387500000000003,26.5749,252.32837148,18.873932367999885,139.95884760000013,21.264880000000005,1.12203,388.4377685999999,89.1031788987,481.19762609099996,165.3575
2030-01-04T11:00:00.0,2.708475,119.87600000000009,31.167993240000005,47.0112489,1000.0,20.934,100.0,94.30805144000004,18.12892,35.258436675,15.426300953000002,461.69003361599994,12.772452000000005,259.0225902,8.568000000000001,47.4676553,250.49975999999998,15.57675,20.6465,15.589749999999999,62.83451328,4.975,186.85,29.7375,30.0,249.89641128,5.195911735999999,132.47606580000001,30.317560000000004,0.8262149999999835,384.74169467999997,84.41985633636,452.62565917800003,156.7375
2030-01-04T12:00:00.0,10.687425,123.32799999999999,32.07206556,135.05932439999998,1000.0,60.221999999999994,6.162,52.203279959999996,52.135259999999995,101.29449330000011,10.727009111,492.2078439599999,25.731618,254.66054658000002,8.76,42.78493908,180.72768000000002,16.035249999999763,22.27,16.022,64.59058352,12.275,40.43,30.587500000000002,30.0,266.44737779999997,20.001199999999997,135.92319,46.2514,6.9361500000000005,410.1732032999999,86.77584179082,467.234384925,161.13250000000016
2030-01-04T13:00:00.0,16.360575,82.568,23.451375960000004,145.91468429999995,500.0,65.079,94.95,48.40064444,56.34517,109.43601322499998,8.561895846,432.1382425919999,48.875046,136.22536224000004,9.444,49.48876686,237.20032,11.725,20.306500000000028,8.541749999999999,34.400375960000005,13.2876,0.0,20.474999999999998,27.3624,233.94093408,19.332759896,131.9306484,40.00464,10.169835,360.11520215999997,46.22069668938,456.40211494499994,118.20750000000004
2030-01-04T14:00:00.0,13.188525,116.412,27.290183040000002,148.1123952,0.0,66.06,77.062,13.015506599999998,57.19995,111.08429640000001,7.991522182,436.6071319679999,61.627764000000006,3.1980319799999997,9.612,9.1804011,151.17759999999998,13.63775,18.5725,17.686,71.25685016,13.425,0.0,28.875,0.2625,236.3547114,15.872952319999914,148.85799000000003,18.166200000000003,13.087035000000014,363.8392766399999,95.74004585639999,514.3399206119999,127.8425
2030-01-04T15:00:00.0,4.1236999999999995,34.89,16.481318400000003,86.4089226,0.0,38.481,43.65,16.14774824,33.31351000000001,64.80669195,3.710574259,238.68237355199997,30.293208,1.5360153600000004,2.916,0.8112912599999333,305.09696,8.24025,10.047,9.105,36.697467839999995,7.975,0.0,8.65,5.1126,129.2348196,7.874472439999999,85.95390180000001,5.087679999999999,5.701995,198.90197796,49.31062549908,297.59064993,65.75
2030-01-04T16:00:00.0,0.06107499999999999,0.744,0.19651572000000003,0.0,0.0,0.0,1.737,1.3564825999999999,0.0,0.0,0.0,2.6040520799999998,21.500951999999998,0.0,0.036,0.95362306,202.31904,0.09175,0.44200000000000006,0.0785,0.3300132,0.0,0.0,0.1875,0.0,1.4091732,0.0,0.0,0.35359999999999997,0.16321500000000003,2.1700433999999995,0.44336726849999997,0.0,0.8325
2030-01-04T17:00:00.0,0.0,0.0,0.0,0.0,0.0,0.0,0.0,0.0,0.0,0.0,0.0,0.0,8.116746000000001,0.0,0.0,0.0,311.14216,0.0,0.0,0.0,0.0,0.0,0.0,0.0,0.0,0.0,0.0,0.0,0.0,0.0,0.0,0.0,0.0,0.0
2030-01-04T18:00:00.0,0.0,0.0,0.0,0.0,0.0,0.0,0.0,0.0,0.0,0.0,0.0,0.0,3.556674,0.0,0.0,0.0,423.00216,0.0,0.0,0.0,0.0,0.0,0.0,0.0,0.0,0.0,0.0,0.0,0.0,0.0,0.0,0.0,0.0,0.0
2030-01-04T19:00:00.0,0.0,0.0,0.0,0.0,0.0,0.0,0.0,0.0,0.0,0.0,0.0,0.0,2.62614,0.0,0.0,0.0,439.17663999999996,0.0,0.0,0.0,0.0,0.0,0.0,0.0,0.0,0.0,0.0,0.0,0.0,0.0,0.0,0.0,0.0,0.0
2030-01-04T20:00:00.0,0.0,0.0,0.0,0.0,0.0,0.0,0.0,0.0,0.0,0.0,0.0,0.0,4.922874,0.0,0.0,0.0,341.23488000000003,0.0,0.0,0.0,0.0,0.0,0.0,0.0,0.0,0.0,0.0,0.0,0.0,0.0,0.0,0.0,0.0,0.0
2030-01-04T21:00:00.0,0.0,0.0,0.0,0.0,500.0,0.0,0.0,0.0,0.0,0.0,0.0,0.0,2.36808,0.0,0.0,0.0,303.07872,0.0,0.0,0.0,0.0,0.0,0.0,0.0,0.0,0.0,0.0,0.0,0.0,0.0,0.0,0.0,0.0,0.0
2030-01-04T22:00:00.0,0.0,0.0,0.0,0.0,500.0,0.0,0.0,0.0,0.0,0.0,0.0,0.0,1.1870760000000002,0.0,0.0,0.0,260.4672,0.0,0.0,0.0,0.0,0.0,200.0,0.0,0.0,0.0,0.0,0.0,0.0,0.0,0.0,0.0,0.0,0.0
2030-01-04T23:00:00.0,0.0,0.0,0.0,0.0,664.0699999999999,0.0,0.0,0.0,0.0,0.0,0.0,0.0,8.364180000000003,0.0,0.0,0.0,287.15176,0.0,0.0,0.0,0.0,0.0,200.0,0.0,0.0,0.0,0.0,0.0,0.0,0.0,0.0,0.0,0.0,0.0
2030-01-05T00:00:00.0,0.0,0.0,0.0,0.0,500.0,0.0,0.0,0.0,0.0,0.0,0.0,0.0,17.73783,0.0,0.0,0.0,595.54264,0.0,0.0,0.0,0.0,0.0,43.5,0.0,0.0,0.0,0.0,0.0,0.0,0.0,0.0,0.0,0.0,0.0
2030-01-05T01:00:00.0,0.0,0.0,0.0,0.0,500.0,0.0,0.0,0.0,0.0,0.0,0.0,0.0,13.487430000000002,0.0,0.0,0.0,496.54416000000003,0.0,0.0,0.0,0.0,0.0,57.6,0.0,0.0,0.0,0.0,0.0,0.0,0.0,0.0,0.0,0.0,0.0
2030-01-05T02:00:00.0,0.0,0.0,0.0,0.0,500.0,0.0,0.0,0.0,0.0,0.0,0.0,0.0,4.440150000000001,0.0,0.0,0.0,277.508,0.0,0.0,0.0,0.0,0.0,200.0,0.0,0.0,0.0,0.0,0.0,0.0,0.0,0.0,0.0,0.0,0.0
2030-01-05T03:00:00.0,0.0,0.0,0.0,0.0,500.0,0.0,0.0,0.0,0.0,0.0,0.0,0.0,2.0265299999999797,0.0,0.0,0.0,249.40496,0.0,0.0,0.0,0.0,0.0,180.60999999999999,0.0,0.0,0.0,0.0,0.0,0.0,0.0,0.0,0.0,0.0,0.0
2030-01-05T04:00:00.0,0.0,0.0,0.0,0.0,0.0,0.0,0.0,0.0,0.0,0.0,0.0,0.0,0.0,0.0,0.0,0.0,349.03176,0.0,0.0,0.0,0.0,0.0,0.0,0.0,0.0,0.0,0.0,0.0,0.0,0.0,0.0,0.0,0.0,0.0
2030-01-05T05:00:00.0,0.0,0.0,0.0,0.0,0.0,0.0,0.0,0.0,0.0,0.0,0.0,0.0,0.2914559999999966,0.0,0.0,0.0,399.25928,0.0,0.0,0.0,0.0,0.0,0.0,0.0,0.0,0.0,0.0,0.0,0.0,0.0,0.0,0.0,0.0,0.0
2030-01-05T06:00:00.0,0.0,0.0,0.0,0.0,0.0,0.0,0.0,0.0,0.0,0.0,0.0,0.0,0.8971379999999982,0.0,0.0,0.0,385.90271999999993,0.0,0.0,0.0,0.0,0.0,0.0,0.0,0.0,0.0,0.0,0.0,0.0,0.0,0.0,0.0,0.0,0.0
2030-01-05T07:00:00.0,3.891825,44.704,11.568425400000002,47.067104699999994,184.18,20.87,22.862,0.0,18.074409999999997,35.300328525000054,4.787364246,140.71121416799997,7.471596000000001,52.026520260000005,3.024,0.0,186.01128,5.7905,0.935,5.7775,23.29893191999998,4.3124,0.0,11.0875,5.9874,76.21808724000002,3.7202232,21.2863692,9.3574,0.509925,117.25934513999995,31.29900074213999,72.07169218199999,59.00500000000008
2030-01-05T08:00:00.0,11.736550000000001,134.35399999999998,34.862788800000004,146.10158639999997,0.0,64.984,68.538,97.74746352,56.25827,109.57618979999998,48.78582093,586.659332952,20.75106,149.17649175000003,9.395999999999999,47.752318899999985,142.20024,17.423999999999893,16.881,17.437,70.29381164,13.375,0.0,33.324999999999996,19.575,317.632185,11.768306055999998,146.89621200000002,27.389439999999997,7.43613,488.8827774599999,94.4372281905,505.82991125099954,176.77499999999998
2030-01-05T09:00:00.0,15.469825,141.85,36.85394808,157.02998849999997,0.0,69.921,90.3,157.8788798,60.53375,117.772491375,67.79582994100001,660.2616049679999,28.289448,213.72813726000004,10.092,76.53180885999998,185.72568,18.432750000000002,27.174500000000002,18.44575,74.31997267999999,14.337600000000002,0.0,35.1875,26.162399999999998,357.43905504,16.492989519999995,157.7420418,38.24808,12.964574999850072,550.21800414,99.85449410808002,542.6299517309999,186.32000000000002
2030-01-05T10:00:00.0,17.4951,131.41799999999998,34.14223116,144.9092799,0.0,64.54100000000005,100.0,146.78711216,55.87986,108.68195992500002,61.704155330999995,610.835016456,36.690059999999995,253.31953317000006,9.36,71.96295807999999,147.39815999999962,17.07025,33.499,17.096249999999998,68.88075512,13.212399999999999,0.0,32.587500000000006,30.0,330.67385568,19.642778496,145.5790182,45.09232,15.494309999999999,509.02918038000007,92.53961628131998,501.059260842,172.5525
2030-01-05T11:00:00.0,17.4951,123.24,31.993559280000007,136.7736678,0.0,60.918000000000006,100.0,128.62818228,52.75146,102.58025085,55.687971353,568.3889675519999,59.891172000000005,269.702697,8.82,63.79311275999999,125.55928000000006,15.995999999999999,36.7375,16.03525,64.61658456,12.3374,0.0,30.562499999999996,30.0,307.69978679999997,20.00119999994532,137.507703,48.08128,16.7388,473.65747295999995,86.81676800022,472.2053581349999,161.98999999999998
2030-01-05T12:00:00.0,17.4951,127.096,33.0676452,140.1808716,0.0,62.453,100.0,127.17080427999998,54.0834,105.1356537,58.71493600000001,581.3168261039999,59.01225,265.27765275,9.036000000000001,62.640225179999995,112.35504,16.533,36.847999999999914,16.533,66.62366484,12.65,0.0,31.525,30.0,314.68655844,20.001199999999997,140.870751,47.105239999999995,16.7388,484.43068841999997,89.5056199578,484.959243132,167.2575
2030-01-05T13:00:00.0,16.702175,137.554,35.77986216000001,152.0588223,0.0,67.769,97.4380000000001,143.87235616005523,58.68278000000001,114.04411672500001,67.086008304,632.053840824,57.50639400000001,235.95535953000007,4.632000000000001,69.87068062,47.47624,17.895500000000002,33.9835,17.86925,72.0228808,13.75,0.0,34.112500000000004,28.5249,342.14725296,19.96519784,152.69746980000002,42.82304,15.586154999999849,526.7115340199999,96.76592950535996,525.8696107139999,180.9075
2030-01-05T14:00:00.0,13.859474999999998,142.078,36.88045020000001,156.61966319999996,0.0,69.826,79.9,155.57622256,60.45790999999999,117.4647474,70.44219598499998,657.9851594399998,49.038990000000005,183.63483633000004,10.104,75.30775538,19.96344,18.44575,27.999499999999998,18.45875,74.41197636000001,14.375,0.0,35.2375,23.174999999999997,356.17534488,16.976618535999997,157.26561,34.13644000000001,13.117650000000054,548.3209661999998,99.96635908043997,541.643176452,186.7025
2030-01-05T15:00:00.0,8.149750000000001,90.67000000000007,23.5168812,97.339473,0.0,43.307,47.888,106.31684616,37.49103,73.00460475,40.134804199,419.60519193600004,53.218044000000006,103.61503614000002,6.3839999999999995,55.06817342,4.874239999999917,11.75125,18.334500000000002,11.830000000000013,47.65390608,9.0376,0.0,22.4875,12.8874,227.172357,8.940936423999998,97.2352032,20.899320000000003,7.884825000000001,349.67099328,64.02496198536,334.01972226,119.6575
2030-01-05T16:00:00.0,0.427,4.044,1.0220817599999972,3.6864828000000003,0.0,1.646,2.612,1.82284356,1.41805,2.7648621,0.0,14.213084255999998,13.504127999999998,0.0,0.264,5.9779355999999995,1.1995200000000001,0.511,1.9975,0.53725,2.19108764,0.38760000000000006,0.0,1.0,0.4749,7.69590396,0.3720223199999999,3.4341894,1.29324,0.80574,11.844236879999999,2.93713762794,0.0,5.61
2030-01-05T17:00:00.0,0.0,0.0,0.0,0.0,0.0,0.0,0.0,0.0,0.0,0.0,0.0,0.0,10.556172000000002,0.0,0.0,0.0,7.930160000000001,0.0,0.0,0.0,0.0,0.0,0.0,0.0,0.0,0.0,0.0,0.0,0.0,0.0,0.0,0.0,0.0,0.0
2030-01-05T18:00:00.0,0.0,0.0,0.0,0.0,0.0,0.0,0.0,0.0,0.0,0.0,0.0,0.0,3.773748000000012,0.0,0.0,0.0,16.35536,0.0,0.0,0.0,0.0,0.0,0.0,0.0,0.0,0.0,0.0,0.0,0.0,0.0,0.0,0.0,0.0,0.0
2030-01-05T19:00:00.0,0.0,0.0,0.0,0.0,0.0,0.0,0.0,0.0,0.0,0.0,0.0,0.0,4.775628,0.0,0.0,0.0,9.96744,0.0,0.0,0.0,0.0,0.0,0.0,0.0,0.0,0.0,0.0,0.0,0.0,0.0,0.0,0.0,0.0,0.0
2030-01-05T20:00:00.0,0.0,0.0,0.0,0.0,0.0,0.0,0.0,0.0,0.0,0.0,0.0,0.0,7.9907520000000005,0.0,0.0,0.0,6.17848,0.0,0.0,0.0,0.0,0.0,0.0,0.0,0.0,0.0,0.0,0.0,0.0,0.0,0.0,0.0,0.0,0.0
2030-01-05T21:00:00.0,0.0,0.0,0.0,0.0,500.0,0.0,0.0,0.0,0.0,0.0,0.0,0.0,21.531312,0.0,0.0,0.0,1.98968,0.0,0.0,0.0,0.0,0.0,0.0,0.0,0.0,0.0,0.0,0.0,0.0,0.0,0.0,0.0,0.0,0.0
2030-01-05T22:00:00.0,0.0,0.0,0.0,0.0,706.16,0.0,0.0,0.0,0.0,0.0,0.0,0.0,26.507316000000003,0.0,0.0,0.0,8.310960000000023,0.0,0.0,0.0,0.0,0.0,200.0,0.0,0.0,0.0,0.0,0.0,0.0,0.0,0.0,0.0,0.0,0.0
2030-01-05T23:00:00.0,0.0,0.0,0.0,0.0,571.7,0.0,0.0,0.0,0.0,0.0,0.0,0.0,48.641274,0.0,0.0,0.0,10.062639999999988,0.0,0.0,0.0,0.0,0.0,200.0,0.0,0.0,0.0,0.0,0.0,0.0,0.0,0.0,0.0,0.0,0.0
